1.961671669723582256e-01,8.223401404292982053e-02,1.148131556122225921e-01,-3.949432655955111698e-02,-4.325018721929441839e-02,-6.504849130638439003e-02,-2.686624736797900079e-02,-7.393169762333352824e-02,-1.523074708802295285e-02,-7.969347573079327285e-02,-8.917498119957249477e-04,-9.172082692203713250e-02,6.849731456081198377e-02,-6.045575508009514570e-02,1.203877019891659711e-01,-1.039589822319633150e-01,1.589218966607079120e-01,-3.049266151035322225e-02,1.571712230685936434e-02,4.227735190844779389e-02,4.574538865389699005e-02,-8.792810915318134690e-02,5.026243313676043807e-04,-1.774710380055585833e-03,2.530667845514096917e-02,-8.189506405170998704e-02,1.804377171979049954e-01,-1.084470973006879391e-01,-1.152437330972556299e-03,-1.485119267614249949e-01,4.187895366669938668e-02,4.490801662077677919e-02,1.190762646753925832e-02,1.566287748649625444e-01,5.045770072518483695e-02,2.407194395216630811e-01,-8.279663823736604922e-02,5.084375212076316930e-02,9.518717128982485953e-02,-3.643991572238919341e-02,-1.492104640678225402e-02,1.279666290476571822e-01,-3.291006163292295450e-02,7.119600300814457605e-02,2.511330039947076882e-03,-1.836955987248729827e-02,-1.629602320228259738e-01,-2.708125262023823934e-02,7.016600893108349002e-02,3.017411703223574909e-02
6.294510164240689487e-02,1.529754588530351234e-01,2.012413063003887226e-02,7.861304378258887615e-02,1.000476168208767197e-01,-1.467135148180142255e-02,9.240439716535353565e-02,2.432388222181151305e-01,6.219971492064414742e-02,-2.553983745645338824e-02,-1.379537921273966683e-01,-1.921833728298415027e-03,8.975337013838563874e-03,-5.441424379665103783e-02,1.114499101209139587e-01,7.306555221448096660e-02,-5.971749480358235634e-02,-4.160979990195137063e-02,6.061091384319896441e-02,-6.978132868358156993e-02,-4.726663708364974709e-02,-3.802857732170632481e-03,6.836415021174034948e-03,-4.415838741464018363e-02,-2.792218477330634524e-02,5.848156242742603116e-03,4.309406597699225183e-02,1.583391612197393786e-02,6.315798011557617608e-02,3.236662238876907016e-02,6.346537685957075181e-02,9.835855614724567375e-02,5.232068887996573631e-02,9.518384169586346921e-02,-1.624370360769816779e-03,-4.620388178988547867e-02,5.732599774543197489e-03,-6.683634054245006506e-02,2.549338188022873264e-02,1.368889347573273019e-01,9.598407499350417038e-02,-1.691736448429979195e-02,-2.159865014100995906e-01,5.159122189648135404e-02,1.180054164246052278e-01,4.090638189587377654e-02,8.975379383644477294e-02,-8.938669752687912473e-02,-1.702658755877606636e-02,-6.170999641665853713e-02
1.546325662154011682e-01,1.190399150035427872e-01,5.375819193960582054e-02,-1.074203984575151094e-01,1.155986799217399996e-01,-7.267054175312339520e-03,1.171157215597172785e-01,-4.039536221455819476e-02,5.228364758646152771e-02,1.025559669799606527e-01,-5.142826896622786081e-02,-3.811366198181109083e-02,1.330059953830953212e-01,4.196659103485198862e-03,6.481572461435172738e-02,-1.518873002704040041e-02,3.852970769724700650e-02,6.857592334063664086e-02,-1.877981562738288701e-01,5.075772411110401200e-02,2.980478911733017849e-02,-1.101379010079489296e-01,7.278723471495759934e-02,-3.798008776391242902e-02,-3.179848292832463535e-02,-4.526685112580998427e-02,9.949716973354025273e-02,-6.194628814414752938e-02,9.132104022589861148e-02,-1.527086390812839312e-01,-1.154507385981090595e-01,-2.015894629537891974e-02,3.248229131056962204e-02,-6.944284622968575904e-02,1.439382770236239395e-01,2.967605043978902013e-02,-1.207956826684318252e-01,-5.994371523220001080e-02,5.316380457914335333e-02,-9.436271195822262814e-02,-1.022174728473873584e-01,-3.370132234885395150e-02,8.192629090906639738e-03,7.071677066579917792e-02,-8.691374417776658035e-02,7.002451922675072271e-02,-4.370486566976646871e-03,8.039061234489003338e-02,4.010565393748061723e-03,-6.743217988648561589e-03
1.321934084776919122e-02,-2.797247805537642074e-02,-1.109107814323782026e-01,-2.627964382905628726e-02,5.329461344471000256e-02,1.275206101264656500e-01,-2.559810039347769350e-02,2.034726546523909704e-02,-8.447603752073930272e-02,4.749640172884200123e-02,1.103237310842025559e-01,-4.496747093591491745e-02,-3.435311463257966630e-02,4.174838916899233782e-02,-1.177539939021461299e-02,1.636612785515487445e-01,-2.083812430012207256e-02,1.366619826156871553e-01,-3.163707267998034506e-02,-1.198870259954825379e-01,7.534081373839768281e-02,6.286518280614004917e-02,1.338510289720421798e-01,-3.097267828965645162e-02,-4.130552692611203641e-02,-1.998843931622373143e-02,4.494710450050979841e-03,-4.169393323518407607e-02,1.080195343990997519e-03,8.833218178922659647e-02,7.015858166199806512e-02,1.550631101504778599e-02,-2.112661997768414818e-02,5.409129027184811367e-02,-3.525385616755163237e-02,-7.293971162261238261e-02,1.986663186307017354e-02,1.628106364112620955e-02,7.936471685482535121e-02,-6.119006418516714785e-02,8.724271658537273433e-02,-1.113003303247796782e-01,1.467757477919785225e-01,2.442437824660124296e-02,3.022552903092561721e-02,1.509801331834685623e-01,-9.517536069382900518e-03,2.049724344478680294e-02,9.350922976593371849e-02,-4.963516496432005681e-02
-1.513516429975542664e-02,-3.148625133292893424e-02,-2.884216176152452557e-02,-1.024154520702963700e-01,5.993977102793949380e-02,-3.852038505288690740e-02,9.574099251884625461e-02,-3.923504285985586482e-02,1.629499813625088223e-01,6.725335104462883129e-02,-2.349391844972812879e-02,1.336094928533313742e-01,7.391899970903490803e-03,-8.213952464760940209e-02,2.779063746112166861e-02,-1.116406669012307007e-01,4.721698183408592348e-02,-5.735775782684363749e-02,4.197735716421904101e-02,7.583911953873638534e-02,-4.861087423671094088e-02,6.269094461967592014e-02,1.550949559903020032e-03,1.329583018329184331e-02,-8.492918254961864810e-02,-5.096383571154110975e-02,-1.485538402200253516e-01,1.735151240143320908e-02,4.534386622743861311e-02,5.756078130133929216e-02,1.385849006794423813e-02,2.839801537038033966e-02,4.270625279739209690e-02,1.107630904139026221e-02,-3.064221445334935900e-02,5.152147038423618604e-03,6.757049897629109625e-02,-1.417530294269679081e-01,6.588919922799429951e-02,-1.331242304096822912e-02,7.566593281552042027e-02,-1.187007795816705930e-02,-7.714821968803797780e-02,1.140123518813987435e-01,6.204377755492888891e-02,-1.473575394648783954e-01,-9.782304583644162166e-02,-1.523154597299811452e-01,8.272086451845656052e-02,-2.780184000389419874e-02
-2.108887292211517397e-03,8.685658571230521485e-02,8.433812461434118946e-02,-1.090422549327840496e-01,-5.061654652159220356e-03,9.106480011430642674e-02,-1.870796845049014362e-02,-6.465266096680519214e-02,9.016900831465356203e-02,-2.727395198147786887e-02,9.009613113913149396e-02,1.206825590667142019e-02,-4.088327703844673450e-02,-1.183515694865055617e-01,1.086373743384228957e-01,-1.177469320960253113e-01,1.696286306404327926e-02,8.288811118806559131e-02,9.613549332729939834e-02,-2.845728288548531396e-02,1.196081030805530854e-01,-4.428521957506453832e-02,7.182685558876453213e-02,-8.718999456768659201e-03,-5.320131404641205430e-02,4.208812048636607905e-02,1.037220456247998079e-01,-2.785084046730705240e-02,3.955279751781264064e-02,-4.929674584213374067e-02,-1.141734386001234530e-01,2.420278125849350051e-02,3.572672205844983767e-02,5.956752765179856163e-02,5.792676376615864958e-02,2.076556432533758004e-02,3.870692284159825240e-03,5.234882259887131684e-02,8.703014990323527933e-02,1.507398787570589094e-01,7.984030595568481284e-03,-1.989215095633985186e-02,3.048938300306216001e-02,7.351422355402055520e-02,8.405052507789739780e-02,2.980032026105550874e-02,-1.776690482273756908e-02,-4.421406165851136938e-02,-8.437199970779466623e-03,-9.067000529961470601e-02
-1.238138653606121881e-01,1.215084183057278389e-01,2.614622397481863175e-02,1.498619290601064906e-02,-1.716946390272808265e-01,-2.900126734430174755e-02,9.276807185346144791e-02,1.300668287022309355e-01,7.631021054466925746e-02,-1.193843584206517872e-01,-3.844791425645690403e-02,1.264242872905612380e-01,-2.381158612350048609e-01,3.377084327815953885e-02,2.320618260920266976e-02,1.360177615540356100e-01,4.011981012564679039e-02,6.264984549302624051e-02,8.780384897327783711e-02,2.711160363473318069e-02,-5.664733148835830040e-02,-1.148972071236159520e-02,-6.739677604407578147e-03,6.943271533501037610e-03,8.113235768105514500e-02,4.026469999405030836e-02,-7.139371443989575572e-02,-8.325230754182733062e-02,2.289457619090921707e-03,6.810580130569084123e-02,2.359279874159462553e-01,-2.681212786648639115e-02,1.811436432822879352e-03,-6.662412810789869466e-02,7.657330830902915608e-02,-1.535433462529211535e-01,6.460274359780242281e-02,-8.521127978239994086e-03,9.634366628137822075e-02,6.315488144897545009e-02,-6.356822448391767633e-02,-4.618736325089434908e-02,-6.450896850164654361e-02,7.263944124829856130e-02,-1.803869300353653227e-01,1.523908269535216749e-02,1.347235892728062823e-01,-2.592415012469386285e-02,-6.435655351367509935e-02,1.007224331273374324e-02
-7.333064005326973833e-02,1.378509699750659068e-01,2.714972218288870445e-03,-1.441285462681528989e-02,8.081118978479211179e-02,-6.549215938471326416e-03,-8.251765422545809248e-02,-6.249925926542958254e-02,4.470488125665729451e-02,-4.740635387945302953e-02,-1.447792249858734876e-03,1.479607417254872118e-02,2.750719994971375509e-02,3.911296196798941249e-02,2.796454053450110611e-02,9.403239655300968391e-02,6.108954979747133890e-02,-3.228973464343235650e-02,4.005364884316498647e-02,-7.905553334302581336e-03,3.156115897027954309e-02,1.062887988987144955e-01,-4.676870893679450913e-02,2.115214603182011613e-02,2.081360286976565582e-02,4.386192692070055472e-03,5.347856653031213096e-03,9.264652128816194820e-02,4.725212447070691740e-02,-7.196231437275086781e-03,8.823531811963346294e-02,-2.313308301225198635e-02,-1.768501584731512755e-01,-7.097036555735479479e-02,2.496758844401155558e-02,-4.695263083398074772e-02,3.305476791157950685e-03,2.809553599738644214e-02,-8.429982252563027190e-02,6.464732373301344814e-02,-9.039200699179124332e-02,3.232290357591861146e-02,-6.574341200520711359e-02,1.127785916514918198e-02,-6.940675838734222669e-02,-1.110168916756345756e-02,1.133869684541462391e-01,-3.687359143428708269e-02,3.557771198161976955e-02,3.657784839269993121e-02
-1.568313012389777883e-01,7.442680955222734374e-02,5.088084146642439520e-02,5.074563040879377825e-03,1.165078839036861186e-01,-5.746334042073420779e-03,-1.339511384633055961e-02,5.335600257576572636e-02,1.130769904448768702e-02,-8.902310658880911720e-02,2.613203490419982455e-02,5.072844966743582720e-03,-1.187160951432923162e-01,8.184397708978950747e-02,4.254210365733348403e-02,-4.727757822510363084e-02,2.531126999817896739e-02,-4.080756933709862172e-02,-9.774026821078016236e-03,4.875003148007039933e-02,-5.024897054612263714e-02,-1.855138134162146596e-02,-9.313216291838162172e-03,-7.485720138548354607e-02,5.100429815848309817e-02,-9.883502765176274685e-02,-9.433514254405796218e-02,-3.589879574867631956e-02,-1.738411754544060689e-02,-4.841990676947250521e-02,6.992811385969458469e-03,1.906658145743127600e-02,-1.657044195711720458e-01,-1.640587036075874874e-02,1.129185626215376548e-01,-6.053154467047303089e-02,-8.322761129530199808e-02,1.164146517968175781e-01,-4.898931052927973928e-02,1.960655725612913541e-02,-1.251600215951164108e-01,3.644630342767113396e-02,2.903175373956015312e-02,1.283948868970350432e-01,5.828528499937492280e-02,-1.092727912660861750e-01,1.285368629773604721e-01,-9.755790138514829068e-02,-3.770441272538767319e-02,1.649575280901958638e-02
7.636441307172153747e-02,-6.050970160146525514e-03,-5.652974976599643882e-03,6.907133213836108565e-02,-5.112827921911938800e-02,2.674966549842290250e-02,-2.089672053752644407e-02,2.311870884405256912e-02,-1.735256462733442417e-01,1.166806243805670190e-01,6.905242101600347904e-02,-2.816689275075486346e-02,4.600685421768411359e-02,2.466687994713941058e-04,-2.852058706510316941e-02,1.393726654156841015e-02,1.794778486133138604e-02,2.052840725462657528e-02,-1.180289909606794529e-01,-9.820017286352013264e-02,1.699147728642244268e-02,-2.824269689034791461e-02,6.992195599174373666e-02,-9.003321267336428235e-02,1.805303063913573508e-02,-1.476245429634605658e-02,6.217518828211154175e-02,1.625046902912351821e-01,7.463899086121761339e-02,1.719720297303627783e-03,6.461182664411409260e-02,1.170912309760386988e-01,1.281390690665024645e-01,1.761748600437408260e-02,1.281741866373826422e-01,2.938325327115118984e-02,8.946439009042010670e-03,-8.327407500935389562e-02,7.379215810331080094e-02,-1.570400984920877208e-01,-1.931733232209108947e-02,-5.786355541932877711e-02,-8.927054119998284465e-02,3.572436080486987575e-02,3.062182871433188208e-02,-1.513344128827059376e-01,1.646156192279779606e-02,-1.356569102691524420e-01,-2.873360535899346924e-02,-4.342881861800122756e-02
-9.109369785243542905e-02,-1.143439268437199639e-02,3.552500304626175776e-02,8.417731307443067357e-02,-2.513903660475843085e-02,-3.363510326265066464e-02,1.471386601223699866e-02,-4.467825253613478403e-02,3.693443974234950772e-02,7.355443296625059635e-02,-4.461240958625280889e-02,6.384363491800006118e-02,-5.375979023539653213e-03,-4.434793551491721109e-02,1.036302148992001987e-01,-1.426721166591063406e-02,2.545085594160818865e-02,-7.806045737443967347e-02,-3.743833431902097303e-02,-6.753464469443586082e-02,1.067072999596031802e-01,1.127043061168052224e-01,3.403130176090678888e-02,7.736812316931794553e-02,9.184905841489809930e-02,-1.776249888849288916e-01,-1.067795147323887250e-01,4.916407784837302508e-02,-1.787855949149564153e-02,1.053694480440922482e-01,-4.034242789245079397e-03,1.134372977299606400e-01,-9.237410609219272317e-02,-8.825141091386176292e-03,5.641423659807683760e-02,-1.866428418111214325e-03,-3.308362052860724933e-02,4.444910865507882558e-02,-1.696821258536395857e-02,2.265751667665513031e-03,8.903760097459151313e-02,-3.481669552369809351e-02,-1.032254909348168624e-02,-3.823046048385329160e-02,-1.756541185716365902e-02,-6.427634722043822080e-02,8.213927672588755557e-02,3.988449722831802907e-03,9.595200971541387180e-02,-3.999998896348148925e-02
1.718766008113554317e-02,2.089159403047864683e-01,5.235714225697941232e-02,-5.562909412170564949e-02,-2.456257895786199616e-02,2.290287402468009145e-02,4.869063828720763404e-02,-1.683573371638285784e-02,6.679521687249503903e-02,-4.371659826652884301e-02,2.884022464956054882e-02,8.306215087875024050e-02,-9.376778120700916819e-02,8.047334158659243120e-02,8.956070566448523507e-02,6.205879244704452097e-02,-8.248743908368652566e-02,3.798741662828148541e-02,-2.355797722586540355e-02,-6.420853144553369252e-02,1.214966497251679933e-01,-9.788266460118796863e-02,-1.104774764174950158e-01,-3.048549471857257050e-04,2.605387544601659444e-01,-9.782194443583572263e-02,-7.331335873556582561e-02,5.619062276668126271e-02,-8.168300584688636956e-02,3.288103856285283511e-02,1.744397742687074926e-01,2.889967090636783378e-02,-2.085719667761495033e-01,-1.592719854718366301e-01,-1.277370855637834091e-01,-8.407741416344222118e-02,-1.488016788315223438e-01,-6.685522055043528755e-02,-6.398225488490469348e-02,2.401140027543344300e-03,6.432529343799255062e-02,-1.332195319511914333e-01,6.156252390230255306e-02,6.667341575100529938e-02,-9.406579572966844438e-02,-4.920233349356240016e-02,1.354408491372237899e-01,1.432656553499142005e-01,-2.857819448097682902e-02,-2.485016707078312615e-03
1.572156870951637586e-01,1.634252301760675521e-04,1.548053338020303482e-01,-3.692629851119879486e-02,3.741802206908147188e-02,1.286332241061607928e-01,-7.172844801477680499e-02,1.004119871207794223e-01,-7.076573266697641466e-03,1.452362667690965982e-02,-1.009070130830907325e-02,3.226348103554297058e-03,1.439055198224975692e-02,7.114031604660656094e-02,-7.841306413267752629e-02,-1.214033608148984422e-01,1.970056695869186469e-02,-6.318813425832095487e-02,-8.116396714647773625e-02,1.453034601528293418e-02,3.835123297105741402e-02,-1.827296935875516171e-01,-8.247877721257029782e-02,-8.086590700149494382e-02,8.069222558414852753e-02,1.414558753009571498e-02,7.802234844788899504e-02,4.580175414839804567e-03,-6.096989866264089508e-02,-7.072787313842893164e-02,1.725848709648191001e-03,7.637331166873295718e-02,1.128560104711151535e-01,5.041913255321196080e-02,1.406264120620379608e-02,1.481940669656865162e-01,6.624655442741289590e-02,-7.023610106847678891e-02,-1.272711550038299957e-02,-1.354916800966407542e-01,-8.599652755835926476e-02,1.461105878547407921e-01,-1.290556742998744677e-01,5.322389623864943499e-03,-4.505130076629096716e-03,5.184836973535469212e-02,-2.095412980318824558e-01,1.943647828309739978e-02,-2.585988403461499997e-04,3.205457062819134367e-02
-5.786593244744941966e-02,-6.365980405141653808e-02,-7.853231450028529126e-02,6.603732104920853607e-02,1.019237616879143660e-01,-9.411793701089844755e-02,-2.451396213218010739e-02,-6.007741604616357450e-02,-1.149578763202361957e-02,2.692366048360420039e-02,1.984560565571949833e-02,-4.392501681896950061e-02,-6.294230571578525446e-02,4.187729509254307925e-02,1.549377010538154076e-01,-1.513499711162965278e-01,-8.622992889257026505e-02,-8.057328593009489837e-02,-1.200960954661123813e-02,1.259212755266023442e-01,3.808906547964481526e-02,3.045915048255079527e-02,-1.724206429002522745e-02,1.622223470400655509e-01,-2.465518516066983468e-02,5.993124705598792262e-02,-5.076043028437084159e-02,-4.045817433484868173e-04,-2.507768940940253294e-02,-1.260882953212398849e-01,-6.564939679110340549e-03,3.661026340142804758e-02,-1.834547417377796821e-02,-3.807739432391024637e-02,-2.106710953657834479e-02,1.113573316042296008e-01,1.972904262504151379e-02,8.067838357334949917e-02,-2.004978540772790405e-02,1.516023552973798545e-02,2.534892329426034069e-02,-1.791093581696332204e-01,-9.364295046544785298e-03,1.593374669410418942e-01,-1.843232980034033644e-02,-4.951438803608380207e-03,7.777128768749477783e-02,-3.796017285324968654e-02,-7.621584810471353222e-02,2.585956436915626960e-02
-1.381339650783264816e-01,-1.027791434642012225e-01,9.556039096256346843e-02,4.088677606006131671e-02,1.020534907833904430e-02,-1.067149434281482179e-01,1.657782621000369883e-02,4.316107274689760104e-03,4.619900854070146945e-02,-1.218726130587784451e-01,5.367129963089859596e-02,1.199622227761451276e-01,1.242971922094089909e-01,9.723914729784624567e-02,3.945100915515608090e-04,7.911450463062967564e-02,-8.056771655929186038e-02,2.195297487480712406e-01,-2.089547409432550643e-02,5.145661885328984414e-02,-1.181739981776078197e-02,-9.531517581015355733e-02,-2.135189361580555958e-02,2.490460003495944749e-02,-6.036861182813411941e-02,-1.055195519029553802e-03,6.160082466135682888e-02,4.298726790230598255e-02,5.737593906700626245e-02,-6.916021253879435504e-02,4.237482769053139281e-02,-6.102959910541561062e-02,-1.265009719148518785e-01,8.160597334868433667e-03,-6.444569088871756994e-03,-6.870870306635325220e-02,3.847127175382961117e-02,-1.576251613350481140e-01,-3.741707924678543129e-02,-1.412761772624420709e-01,-4.971218574604260171e-02,-6.820002804966594778e-02,3.049839125768479767e-03,-3.610759368648853995e-02,2.492388623976330916e-02,-3.516526303391919600e-02,-1.764630753254431070e-02,1.426221025452067692e-01,-1.358999397340012183e-01,3.186475013177210436e-02
-1.001414025114175516e-01,7.263292309244503975e-02,-4.647779821077054757e-02,6.538147868753878267e-02,-1.252903098480655231e-01,-9.023801551412694022e-02,6.758433067453141485e-02,1.145826027629887611e-01,3.742951869705012091e-02,-4.368725066589045081e-02,9.741733656133490238e-03,2.963071525729313663e-02,1.575680245428453044e-02,-4.569181587584462967e-02,1.448080388512014427e-01,1.500168252071073793e-01,-3.973046489802219139e-02,2.673306351505608594e-02,-1.709297173229404332e-01,-7.992471749345715637e-02,-1.768333201527789653e-02,4.430193669561822284e-02,-1.461319862819492610e-01,-3.688292065296552846e-02,-2.874307802660681574e-02,-5.155878977888382619e-02,-1.046086143298034093e-02,3.012823827812903879e-02,1.127171748306592114e-01,6.311541918982654931e-02,1.160672716197484883e-01,-7.307063768643505541e-02,-4.551681185999388590e-02,6.741287489206598815e-02,-4.418849602822459699e-02,2.252585509360864949e-02,-1.307930284190748083e-01,2.227668306829032330e-01,1.595405444229406125e-02,3.486037614898648829e-02,7.295342323886293452e-03,-3.382489912002104027e-02,1.434429796694881298e-01,5.321646222957991668e-02,-7.781933597320234153e-02,4.281465539353907640e-02,-3.846896613034340301e-02,2.085400140594123042e-01,1.755299573566475660e-02,-1.099837837854437811e-01
-3.951923815541757284e-02,4.829885125122356654e-02,-1.336975558860175640e-02,4.636656157593888744e-02,8.091801381736428433e-02,8.162306221300133502e-02,-4.386354248122874971e-02,-2.580807242288247344e-02,5.810976455203441943e-02,4.792369504930748571e-03,1.107551915227351497e-01,-2.523060241649430560e-02,-4.735978093498816044e-02,1.513166190588627509e-02,1.136206532664498503e-01,-4.970946003055334156e-02,-2.136205810091432872e-02,4.211795995948702798e-02,6.932418728252295881e-02,2.895423416350984686e-02,-5.189655143149108502e-02,3.568310873721679960e-03,-9.170526592669410448e-02,7.877884632609061244e-02,-7.867775307644869764e-02,-1.005410136314371095e-01,-2.135773368436763922e-02,-1.650089926074116073e-02,1.083445771089959313e-02,2.768486686828467921e-02,7.684284959158688144e-02,-2.117776600349608948e-02,-3.675168990063655550e-03,-5.367581781232359794e-02,-2.365708017548944289e-02,-1.251065668560490951e-01,1.510066067704886328e-02,-2.773710938453671088e-03,-3.131137006322720628e-02,-1.716296080363414328e-02,-6.039448349464590637e-02,7.753304256184222198e-02,2.149986999430911205e-02,1.943165911628820519e-02,1.501833625946471795e-01,-7.388218517208665348e-02,-5.702874720295385974e-02,-6.923727396159290448e-03,-5.090894600355317517e-02,1.018470099173496846e-01
5.223223783789208291e-02,1.220747060190649630e-01,7.878603003223753898e-02,-1.557818272367910428e-01,2.834915653487559556e-02,-3.988589900414853118e-02,1.276482863205986584e-01,-1.556086918509754120e-02,8.077396835833612621e-02,-9.892573694017194053e-02,5.816025863473110735e-02,-2.537478672983171230e-02,-8.830646517861126532e-02,1.443874957177338630e-02,-2.023766050944585462e-02,2.350116296454522052e-02,3.126426418084778114e-02,-1.538108451262631959e-01,-3.214309322017682574e-02,-4.797173662358462931e-02,-2.214022164462268669e-02,-8.576933066672483286e-02,3.525539515229322851e-02,-6.713875390877632743e-02,-8.209905046116770799e-02,-5.122217818991583321e-02,-7.514415262245216498e-02,1.869894006775509598e-01,2.169453545940128528e-02,-1.424579827376100394e-01,-7.642442121259138132e-02,9.936706647189524899e-02,-3.254884051324306166e-02,2.983384999777427896e-02,-5.712274806586317005e-02,-1.007200871167427958e-01,1.022071613394855416e-01,-1.297212641168636049e-01,-1.363663909443027511e-02,1.015626308777905912e-01,-2.788467564534636775e-02,-4.914367788671924857e-03,-9.878774361284432814e-02,-1.118434825795043899e-02,-4.397833107714867185e-02,4.812161255273480001e-03,4.071761362840826959e-02,3.466916658562568115e-02,1.851997001507165244e-02,-9.156147883770351936e-02
-1.080178560054735060e-01,4.014239903537615561e-03,9.685532908491076287e-02,4.509973060441362785e-02,3.204606917766041757e-02,6.464563385814987850e-02,-2.757257730004004231e-02,-7.322571851966694183e-03,2.279447586635192924e-02,-1.968256866416034367e-01,-9.890789807013260215e-02,1.690060882510545717e-02,1.711563942448220826e-02,3.616708333682100429e-02,1.575253059368767264e-02,2.740252271084391358e-02,4.516369963858035685e-02,1.445579941433479051e-02,-5.363476379509509590e-02,6.416718259818265935e-02,-5.249708749159044110e-04,-2.853721488435271084e-02,-3.709458553584207147e-02,-8.263588314794784173e-02,1.783324658520069744e-02,-1.709957726747232676e-01,-1.717700707459004217e-01,-4.575335495457952262e-02,-1.660392375794276232e-01,3.596628147199594679e-03,-2.754909350707280408e-02,1.473133847959992582e-01,5.890744121288760821e-02,1.257422619581730350e-01,3.052958503980242669e-03,-9.201708064245296692e-02,-6.539810465101865422e-02,3.298153969268769609e-02,-7.762090901025939238e-02,-6.828463877158252870e-02,1.855093297987384648e-01,2.765687717384043842e-02,-8.089111459410151805e-03,-1.828417643543588794e-02,-8.666387704497601971e-03,-4.812561573857913888e-02,7.431849716036238729e-02,1.812600452211612576e-02,1.994102126399308408e-02,4.095619558697230489e-02
-6.743646290347127259e-02,8.275893620187230182e-02,2.235534099429977925e-02,-4.304859340522997069e-02,-3.594710915451014566e-02,1.024928403425098000e-01,-1.003063940953396321e-01,-1.524263027618022182e-01,5.927631694939849982e-02,1.493428899896817874e-01,-1.494202633248818135e-01,4.740934787413830787e-02,8.268444436198159331e-02,3.878169433680303535e-02,-4.051700984448251830e-02,-9.842500952546828774e-02,5.143874416624316659e-02,1.012030139422429725e-01,1.484349621202595048e-03,1.997599176237925545e-02,3.217862992386816279e-02,-6.460020990998409374e-02,-1.649252088382819892e-01,-7.808905613866454209e-02,1.435524223456226545e-01,4.081944573579423391e-02,-2.010777878856973011e-02,9.982227555562626919e-02,-8.301964578722061117e-02,-3.013013820401866730e-02,-1.158902833842977015e-01,1.944138403664185874e-02,6.826653510835563321e-02,-1.665272487497485021e-02,-1.250317444173007150e-02,6.709416293492864725e-02,-9.941954898282753805e-02,-5.966270561617092322e-02,4.945452848971954030e-02,7.156787832243982628e-02,6.771022768745486864e-02,1.241643670681349260e-01,-4.370914089322880391e-02,1.465384446160544196e-01,-4.886606547121221528e-02,-2.935370492558557823e-02,5.633834186656637086e-03,-5.528412201123970469e-04,-3.496658594251667723e-02,-3.976331217100961823e-03
1.500883489047348009e-02,2.645712601495446223e-02,-1.554637548417342344e-03,-3.854012295387139464e-02,-1.398376015618927881e-01,-1.536773370139601080e-01,-3.370944625704753051e-03,-3.789941788279563989e-02,-8.310495559478459082e-02,1.185608997229254669e-01,9.629301725002560597e-02,-4.272233360341741448e-02,-8.166247048699958044e-02,-4.748447448705436780e-02,1.382547338579790397e-01,1.045355445825337654e-02,-4.318346481431398209e-02,-6.156077323842937266e-02,8.855389210614984796e-02,-9.186519372152571195e-02,2.292159376806843923e-02,4.604556658782452822e-02,-8.294028307225588537e-02,9.812106302923999379e-02,-1.074568558665028456e-01,2.972623021454646672e-02,8.751606051751659177e-02,-1.900082124740799100e-02,-8.837911725790668915e-02,-1.030095333808940007e-02,-2.243905388115691527e-02,1.790606446615679581e-01,4.501190404452405647e-02,-8.405524813225158376e-02,1.576659771448680192e-01,1.006973572303938164e-02,-4.042633511794000573e-02,4.656835920209498325e-02,1.381010633582742744e-02,1.294785880790491096e-02,4.938688452813552385e-03,-7.274012138642277359e-02,-2.486033965573093696e-02,7.533632260007565307e-02,2.320284399919408241e-02,1.107002241878101007e-01,5.925852903480908693e-03,-3.631875888634223531e-02,-1.110185206026769317e-01,9.905246948971251075e-02
-1.158834937749541188e-01,2.832597977639332229e-02,1.730918681706071494e-02,-1.207056560435433926e-02,-2.675373599816952691e-02,-5.715852343485611220e-02,1.193700685940329506e-02,9.631564046118172573e-02,-7.626207179574419348e-02,-1.364500817217117155e-02,-1.407367675106146188e-01,-2.042160263782263289e-03,-5.211305961282600846e-02,9.954838648876868090e-02,2.212463076130926354e-01,7.497405031663066655e-02,-7.941726890858705201e-02,5.184872393485998737e-02,4.705322084438165464e-02,-1.056244854934303007e-01,7.795828351340595985e-02,-3.467123847201352815e-03,3.965011688648761856e-02,7.652997642043342374e-02,4.157921842186101252e-02,8.383352175672217910e-02,2.172424143279535688e-02,1.536908179452184213e-02,9.884433926597359366e-03,1.518433990407304646e-01,-1.361327366972728790e-02,7.002540115651869831e-03,-2.110785736024503503e-03,-2.640345572354322462e-02,7.008199481230960315e-02,-8.796530351945917175e-03,7.040772737869165077e-02,9.650842767770252684e-02,1.246435409045480308e-01,4.475655462578852911e-02,-3.901202815457328887e-02,-1.345266945993342511e-01,1.646630413782301794e-01,1.673946033454262183e-01,8.619701619207305321e-02,-6.633157378403770066e-02,2.004775282506207623e-02,-1.637652438839184155e-01,1.660719674640035726e-01,-2.925326422659356093e-02
-4.990439201389106072e-02,5.857227073769726705e-02,-7.262810273927294835e-02,-1.922381557053562048e-02,-2.592109358359801288e-02,-7.587660754722092005e-02,2.501100505783096853e-02,-1.078316896639383744e-02,-1.225293734291423575e-01,4.618142290340871564e-02,-5.064828299384940141e-02,1.145549053415728137e-02,-1.557905750119761012e-01,-2.631322906475533005e-02,-7.377977071153670602e-03,-5.120150980722980999e-02,-6.268478921052507424e-02,1.887689768124404047e-02,8.057240525758306571e-02,4.370941802919600661e-02,1.398924880316448627e-01,4.745698167126341863e-03,9.769273341019105161e-02,3.439762864779658674e-02,-3.283656167783161745e-02,8.862315746878875189e-02,-3.461908763114373427e-02,-5.555915408582418752e-02,-3.567042644780959310e-02,-5.243802485229972360e-02,-5.936705933732492474e-02,3.859284987986583843e-02,-1.052501263779890249e-02,8.068540919043134044e-03,-2.762199002157081015e-02,-6.970825769594309052e-02,-5.990697536005317597e-02,-7.042809158041279938e-02,6.944151957210932535e-02,4.400091482511346574e-02,-3.259801927126015214e-02,-6.807580195401899403e-02,-1.927546411937647308e-01,6.391133568244591889e-02,1.083983162244853554e-01,-3.612367079027874184e-02,1.547916361797660456e-01,-1.050994721931227949e-01,-1.277457019201104216e-01,-9.588390087499995551e-02
2.923719015548223443e-02,2.015006531044398128e-02,-1.277651353272134804e-01,2.887892798747219297e-02,1.172553620335809593e-02,2.382946116488154128e-03,-8.799248043472018832e-02,-1.983275951858847752e-01,-6.979660122128104882e-02,1.324203946114469940e-02,7.536016322765237696e-02,5.675704829315047356e-02,-6.671091714672877648e-02,-1.322170137001642265e-01,-3.834448653230778520e-02,3.305186028570739759e-02,3.004733829466649242e-02,-8.799530553669342864e-03,-3.441890351703814216e-02,-5.550234000076949281e-02,-1.996737910066084809e-02,6.275720609480478496e-02,1.236641193064892535e-01,-1.041579552965625627e-01,-5.044828212892045471e-02,3.529794028835205218e-03,7.098838437245359734e-02,-3.580065243548538612e-02,-8.888967709331129646e-03,-2.322013531761635968e-02,-7.729048768953757954e-03,-3.441044364417616269e-02,-6.855971288268772335e-02,-1.477238974881311430e-02,-9.703066093257640967e-02,-2.071750283700741352e-02,-4.452958371346164151e-02,9.092189482902480677e-03,4.303158416966995636e-02,4.252369754690010079e-02,-1.898379897073877720e-01,-8.465411463528547953e-02,-1.266436739576143611e-01,-2.304956436409359363e-02,-1.278661906926804696e-02,-3.852209088358447830e-02,-1.071483960845381472e-01,-1.348009911579584330e-01,-1.096240559636077645e-02,-6.556225336486645738e-02
-8.205794123121795680e-02,1.488573094713663975e-02,1.074934663292786557e-01,1.789391870321125830e-02,-9.098920838637282807e-03,-2.854846126836144832e-02,-3.262341240066472803e-02,-2.074606073877821241e-02,9.899373825339187472e-02,1.046404983679830314e-01,5.926568288477365720e-02,1.859267375429243460e-02,-5.695518037684731139e-02,1.523721301840794684e-01,-4.830266939654485892e-02,-3.364918536938497212e-02,-6.445117019974305403e-03,1.101108595096682019e-01,-1.687395409038900534e-02,-1.470893004766355219e-02,-1.092184551597879250e-01,2.711106223614262803e-02,-7.446686340377044189e-02,-3.340605159185647266e-02,-5.291501385815746555e-02,-1.441970412894962583e-01,-2.211132197413116091e-02,7.222872664083680727e-02,5.154613205051890128e-03,-5.128004715922751880e-03,5.710749841082088385e-02,-6.737975371651848400e-02,-4.145473020014892040e-02,-1.808020707187638076e-01,-9.715820970698377593e-03,-2.811473943771061051e-02,1.565687679977778024e-01,-3.706797663699805401e-02,-1.263753063106717311e-01,-3.776914619876158008e-02,-1.125458491165821050e-02,-2.274176871407251541e-02,-6.745423157122062974e-02,2.354489044199815657e-03,-1.702189907824264159e-02,-5.690515119260543264e-02,-4.696647813502530938e-03,5.807728658630487151e-02,5.816728940493146038e-02,2.040050128958730263e-03
6.389484735434224072e-02,-6.984979711456301699e-02,-1.953332956304576831e-02,-4.514698398151479816e-03,1.017705803112362445e-01,-7.259536004901369355e-02,8.381381048182817706e-02,1.693537680419608116e-01,-1.417332949877173759e-02,8.118155799401441039e-03,-4.711146034540736327e-02,5.438127913390588403e-02,-1.060940613721836068e-01,4.973351794930461200e-02,-4.483749195412249297e-03,-5.906311098476809546e-02,3.487623161802039240e-02,3.035153672702636503e-04,-6.403982413994131762e-02,-4.298820953076382817e-02,1.823754569053964714e-01,-2.124568254129682865e-02,-9.229510692354456550e-03,1.549506952760886999e-02,-1.333891778400147013e-02,-8.992026126041395562e-02,-3.660536119912163877e-02,5.238740643521514612e-02,8.177370092753545941e-03,2.105561102764584580e-02,5.128405273107781992e-02,1.076771934312251711e-01,-6.441394544998842175e-02,-1.066226564688896317e-01,1.704198178655960683e-01,6.494410443496176355e-02,7.093713734188382587e-03,9.832654724732600021e-03,7.519652752087906122e-02,3.489339660327184928e-02,-8.018676615880691860e-02,2.731277395742189723e-02,-4.380564382076620328e-02,-7.072082502556672860e-04,-2.028108372534594139e-02,8.237894578667891154e-02,7.857090735149790950e-02,6.528879119053979108e-02,-4.383366586575369525e-03,-9.042975445511260146e-02
1.204263316223530139e-01,6.900125031941632681e-02,-3.913028555006580443e-03,-9.321302223513404372e-02,-1.045720755718483330e-01,1.190842494729259793e-01,-9.581776309620111676e-02,1.406243401572339902e-01,1.049963567673025816e-01,6.808142655991210324e-02,-3.142137502603761096e-02,-1.001350648913725827e-01,3.675125540031568688e-02,-1.326159285892467288e-01,3.234910530730495531e-02,-2.451684489479964008e-02,-1.068460374369629706e-01,3.547766403105249988e-02,-8.678418482776460718e-02,1.536288105871027980e-02,4.378585179659426341e-02,-7.959570462588654027e-02,-3.531535355350189087e-02,-6.487869538058042840e-02,-1.289838203249087378e-01,9.015409667281762407e-02,-9.382477537473036741e-03,-6.701849820547972625e-02,-7.248664383782080223e-02,-9.296643747072180775e-02,-2.285522690955338332e-01,5.622278111139500378e-02,1.199096437658727504e-01,1.031687637939078112e-01,1.060670942826483221e-01,8.905644745139330853e-02,4.207571561450477483e-03,6.110343581063903962e-02,-1.521960138241248463e-02,7.921503730724117898e-02,1.080001996580375045e-01,1.428816580728243524e-01,-3.023006500642868091e-02,-8.942528079495863647e-02,7.069756942972268976e-02,-1.683926522698520056e-02,-7.874274399134661984e-02,2.461103281697596123e-01,-3.208329052001952092e-02,1.212135041157131610e-01
-1.408498372959768874e-01,1.188363295116029450e-01,6.048216249837786579e-02,-1.620136238197896483e-01,4.101963361739625891e-02,-2.874949290015195447e-02,7.893921449778353028e-02,5.649248713868700728e-02,3.046270954199907163e-02,1.831245775468044040e-02,2.932044177683881814e-02,1.102794305228854826e-01,-8.918996672434681069e-03,-1.731355673400579442e-01,-8.658137300973908768e-03,1.606708365990885262e-02,1.286777348517096631e-01,9.521752554618579875e-03,1.180870767904195207e-01,-1.015059664905740011e-01,-8.488120226921271050e-02,3.728590640231262826e-02,-7.299694099090557609e-02,-1.228477813006400993e-01,4.080991835864146954e-03,7.365763913971874743e-02,-2.443840881390091022e-02,-5.604733678424305560e-02,-5.800327251060234668e-02,2.399888492686060026e-02,4.069181985269082480e-02,7.263058918510240103e-02,-5.176795544050809966e-02,-1.327041496048917135e-01,7.928408524364927157e-02,-1.042068184979306859e-02,-1.029590830959220896e-02,1.724879296684110955e-02,4.603090116168390145e-02,1.287242266348407986e-02,3.194262180053912548e-02,6.803381640666796015e-02,-1.645842672722112598e-01,1.360238241502560730e-01,4.162490481615292032e-02,8.002254491000959646e-02,4.501106159175904259e-02,2.235929731729186659e-02,8.150152091596273018e-03,5.694033554972222078e-02
7.138193912189869095e-02,-4.805896553333705717e-02,-6.354636021675720559e-02,2.197579415747467554e-02,-9.477097989139350587e-02,-3.278733984037097982e-02,8.016074612816286027e-02,9.036960239399224881e-02,-2.436577284736268431e-02,4.955754427947411597e-03,-1.399231644652258397e-02,3.266446557674386464e-02,-5.206560419983078530e-02,-1.090386998985499595e-01,1.701546165713780090e-01,1.006887226971037580e-01,2.782241850255722654e-02,-2.229569981830813521e-02,4.584613979666156414e-02,1.309388258025842577e-01,-4.415540075866281923e-03,-3.247344877136661839e-02,1.478917217178156093e-02,2.255367504035342072e-02,1.636376135304362656e-02,8.842088354980602583e-02,1.130346168651793493e-01,4.414822522542995870e-02,1.896836956494990234e-01,-1.109242289490195710e-01,-3.989222203275591405e-02,1.177821730142288720e-02,-1.081552076636098925e-01,5.269184693728221243e-03,2.957632743984776880e-02,-1.831702552781563076e-01,-1.260263855415788732e-02,1.786222482477986262e-01,-8.825719170709001027e-02,-1.266638107345237629e-01,1.343475831458153524e-01,4.143402764455551140e-02,1.545103166271437067e-01,2.650802738347565052e-02,3.471463201834106005e-02,1.056667391440574560e-01,8.190340459120036554e-02,2.566250613515013226e-02,-4.825569393886301219e-03,4.933137854053334242e-02
-9.395413865011760512e-02,1.291889170144550347e-01,-4.136585044058261468e-02,1.083809527383114840e-01,6.073020602445509258e-02,-6.697339373634575606e-03,4.729695508896947231e-02,5.014647186833336677e-03,1.353865314933690167e-01,-1.050860991347634804e-01,3.214604408899935512e-02,1.932856244347276042e-01,-1.491583634601958419e-01,7.613199287545543981e-02,-8.169095380574881160e-02,6.463667401142118851e-02,8.415571734451079977e-02,1.967274706856749975e-03,4.536151065277973377e-02,-1.164781938793466552e-02,1.059412313375861746e-02,7.139488009473568542e-02,1.865492601040309034e-02,2.815968226899885022e-03,-2.736797123122491557e-02,-1.085200092849188946e-01,-2.558458560501265522e-01,1.360821417615811768e-01,1.086992322471311834e-01,1.073094218066737021e-01,3.867423806084924198e-02,-1.546016233718035815e-01,-4.288943072007427026e-02,2.593324019121689625e-03,-9.074568121333559390e-02,-5.294877689432547080e-02,-9.531072407329896357e-02,4.508441764362515480e-02,-7.550553771188932284e-02,1.195409966549454001e-01,1.137750238292458416e-01,3.691805938871629573e-03,2.323800485018417614e-02,-6.463124211533947949e-02,-1.714425222605347743e-01,4.923795607127286721e-03,8.190564617582879459e-02,-7.417710726814460975e-02,5.246394507398136758e-02,-3.012842904303797767e-02
-1.019565690063671676e-01,-1.511500123425238429e-02,-7.083347151828904564e-02,2.843696241864094101e-02,1.040749672111252605e-01,-3.144692613439419721e-02,1.045078975058595788e-01,2.832936123467385756e-02,-2.945770395080701126e-02,3.795453314402318784e-02,1.693181447988238164e-01,4.023039895856369945e-03,-1.846626354859468300e-01,6.971966444430882648e-02,-9.080899091881632079e-02,4.861754775768532821e-02,2.059286941142118160e-02,-2.537936097898228077e-02,6.084579890376041328e-02,9.198342496522676770e-02,-1.291000744883484021e-02,7.379934182373203144e-02,3.596788733274430827e-03,2.346937221596789511e-02,-2.477454114722927106e-02,1.286316412458420599e-01,-1.864475096334260174e-01,-9.044599829497941557e-02,-5.296099538421462222e-02,1.020277943020103661e-01,1.180231929340525288e-01,2.814283719092893626e-02,-2.034677499394904610e-02,-3.876569899990727625e-02,-7.612244783272513471e-02,3.534136806061014685e-02,-5.034399137522582723e-02,3.704575287896328534e-02,-5.764685725743472211e-02,8.005526642756485844e-02,6.339169033377797802e-02,-5.477260272627800658e-02,1.729714669862899568e-01,9.197346905951267471e-02,7.739498973190249431e-02,-3.414896025622572717e-02,1.179169091235953704e-01,3.267407144676607450e-02,-8.693661043366546215e-02,-5.694209121831690645e-02
2.722154377597765795e-02,-3.338535144834826884e-02,-1.389408749136579468e-01,-2.038988782570261282e-02,8.898289465649344976e-02,1.081360314191136957e-01,-4.488170501491121900e-02,3.691277401512271794e-02,1.206994039797701368e-01,2.410160269716901324e-02,-4.000615302945337987e-02,1.197081068120357805e-01,2.893580252821808044e-02,8.966052265051761838e-02,1.639767116935538227e-01,-1.211833571290287515e-01,2.376391222051772723e-02,7.524346350460184296e-02,3.701266786779986578e-02,2.151004915214208002e-02,3.318516694644031012e-02,1.387841518155224496e-01,-6.757085672938403266e-03,1.325426961638139778e-01,-1.927795737368139320e-02,4.950424405842499681e-02,-3.014630931010304701e-02,2.497504490404133665e-02,-8.568431419508504288e-02,8.700700358939782164e-02,-6.643660842616852524e-02,4.298075589466957697e-02,9.916959205674374944e-02,-4.756286336155010619e-02,-1.283498519061336551e-01,-9.229176826228414204e-03,-6.320752724002695611e-02,-7.627836012310770797e-02,4.744617427713672397e-02,-1.219246991802217933e-01,2.042649106833422101e-01,1.595024176643223407e-02,-6.698868554543117859e-02,5.853525009093772657e-03,-3.211494796902464310e-02,-6.770669145727556404e-02,6.958215095575621956e-02,3.297244403313565227e-03,-3.018601702352156219e-02,-5.248250907906966412e-02
-6.947350513965273693e-03,4.728380710439582940e-02,5.195623299339428847e-02,7.773313846190237249e-03,7.337723595266298915e-02,-3.583628148796760143e-02,-5.463809696970303720e-02,7.527757829599501793e-02,3.430414168271981451e-02,-8.696191588089582925e-02,-1.542531134184299026e-02,-1.163020636483387826e-01,1.076439722926060133e-01,7.193518435865116877e-03,-1.137485022105748783e-01,-7.866389251982443265e-02,-3.717873420869583639e-02,8.880894967254511496e-02,-6.958192092184779798e-02,-6.039900416675953593e-02,8.138081141378689098e-02,-5.420824464507129070e-02,1.360350325311164739e-02,6.255679552676420008e-02,-3.151101496427697463e-03,6.450388594715519841e-02,4.185258902449744134e-02,-6.737640326735401530e-02,-6.342780163816752470e-02,7.821059745534945928e-02,-1.529994198787929527e-01,-1.432017723986895794e-02,-2.281326929055368588e-02,4.081322527306426029e-02,1.921374200345241437e-02,-7.201220826453270767e-03,1.095213064262953173e-01,3.674042274096332023e-02,9.697730558889552585e-03,-1.041899806703208836e-01,2.003813679920959934e-03,2.398199183746625718e-02,-8.562808190976463341e-02,3.807625472451049015e-03,9.040010037692086664e-02,3.200481044061239538e-02,-5.823922061153999352e-02,-6.388467067604702322e-03,6.084419221540394301e-02,8.427936423619930562e-02
2.061107092552809383e-01,7.549952473688822940e-02,1.283194387736000253e-01,-1.177710994593686054e-03,-4.126359641502762299e-02,3.928954935596266212e-02,-7.685285963257690312e-02,-5.833093428827456489e-02,1.649200977849248073e-01,-3.589100696013187985e-02,8.680010284975624851e-03,-1.349988887151238881e-01,-6.229407766951512715e-02,-9.240206981363620342e-02,7.413681405757428788e-02,-2.941281023554809596e-02,9.526203375628623793e-02,-3.493353096382503797e-02,-5.809146457800090646e-02,-3.573593358024658440e-02,9.310679438223547211e-02,-4.804497296112769308e-03,-9.588129838450429321e-02,5.678585349282212758e-02,1.232789938608017111e-02,-2.792590397803866847e-04,2.956738286691291961e-02,3.151808889106966910e-02,-3.833403171139214416e-02,5.581788609155848013e-04,1.773586822888837539e-02,9.433563411450361647e-02,4.927745500794294270e-02,-4.712968588218891669e-02,1.146912490856496769e-01,-1.232302267877922880e-01,1.550765476848753599e-01,-2.541786030910141506e-02,2.841548831880499112e-03,6.015488031904199506e-02,-9.815654032645987348e-02,1.305448185972709618e-01,-1.995531975001838421e-03,4.860602302451577650e-02,3.026766936216786219e-02,9.500949724705506916e-02,-5.586830298752167023e-02,-4.256579640706720929e-02,-9.965646060137133000e-02,-4.511023698725773190e-02
2.587993095565214660e-02,2.827005401528771139e-02,6.478585710745773940e-02,-2.234170859299422149e-03,1.668794707017447893e-02,2.513512011532592627e-02,-7.667298478648001958e-02,3.357569462620615952e-02,6.022787578124868396e-02,-1.912234142745335500e-02,-7.445487243712477221e-02,-1.775751000899366550e-01,1.054040548388937293e-01,-9.108183872098696288e-02,1.204017556055933802e-01,-6.877010723336664244e-02,-1.106004761899690991e-01,1.068685429620493538e-01,-2.979235404163033812e-02,-4.812812971121639000e-02,-1.321677354557688477e-01,-6.368861003142030353e-02,7.926308198029460850e-03,1.224379114400701574e-01,4.885673200285979741e-03,-4.093010281429394076e-02,1.989001510051737198e-01,-5.406352642711342166e-02,2.409973590935709717e-02,-8.191178066466291152e-03,-1.549181149937954860e-01,9.526394592796093991e-03,1.066490904718696009e-01,6.004266482582292647e-02,5.845245239234589385e-03,2.766258637619879029e-02,4.200598360581973140e-02,-6.264961565011374633e-02,-2.840639874125364117e-02,-9.133624502997539363e-02,-2.085446232568235331e-02,-2.533761255514321159e-02,1.146396901356297980e-02,-3.225775462880141331e-02,-5.906822191538493166e-02,1.298325274484602720e-01,-2.402767706866319481e-03,1.001277943225436645e-01,-4.237886790030497702e-02,-9.076739578523786503e-03
-2.616418794595275210e-02,-4.138445965914774871e-02,-3.404397146757172365e-02,-5.715850052562879841e-02,-1.045790975061554190e-01,5.474574444167689888e-03,-1.361524106409255919e-01,-4.218050119754462174e-02,-6.445740912027508873e-02,-9.113428496653265543e-02,4.598246217972553479e-02,-9.134873733857445943e-02,1.980562571159858454e-01,-4.043304820313377290e-02,-1.182796750287546522e-01,-1.068296576352373017e-01,-2.634413002806155341e-02,3.727422880826192914e-02,1.474422047900624498e-02,-1.255948473769737117e-02,1.212568366054321001e-01,-1.054887338386467921e-01,3.418937199261911589e-03,-6.535181319467332772e-02,-8.715785887370181007e-02,5.639014882134820578e-02,4.644602494934545189e-02,-3.840094074912677596e-02,-6.459297550423249643e-03,-9.644689461244435047e-02,-9.940236216374800926e-02,4.525031022133279429e-02,2.127919726007719559e-02,1.460982356562948448e-01,8.426673232684522841e-02,1.036121721950987173e-01,7.671828409486072808e-02,1.249841101814187505e-01,-3.550270585428635939e-02,-1.955179569130978401e-01,3.125130895484671406e-02,6.965334026049335714e-02,9.212467548326336297e-02,2.035167100003398150e-02,-7.582994882713295359e-02,2.239161872147861151e-02,-7.561029638079719284e-02,2.505946458980106220e-02,-7.719024387469380910e-03,1.081897395628320241e-01
-6.957947521579610495e-02,-2.975030027157428425e-02,8.958117894680685256e-02,-6.625930353112328801e-03,9.686220749763545246e-03,3.863035872955693922e-02,3.444204717065341148e-02,-1.262393620433361896e-01,-6.686640768489536535e-02,-6.807310410959085956e-02,7.259770625432422630e-02,-8.968305674068650923e-02,8.941935174681030218e-02,-4.368868907283440101e-02,4.247820837587745757e-02,-1.764349901088374806e-01,6.998861003515774448e-02,-4.428348203101291347e-02,-1.171561729142078529e-03,4.182941906158496592e-02,1.213153579489511663e-01,5.162581687023006655e-02,-3.103710491081056871e-03,1.564907717829654987e-01,-7.616113941056527892e-02,-1.293456289956955376e-04,-9.358949577277999796e-03,1.998682728000258924e-02,5.830996474044426031e-02,-5.305053049857168940e-02,1.594239349954682528e-01,-1.244916310097274846e-02,-4.652992692548570119e-02,8.664284954009085493e-02,-3.587979359684787678e-02,1.908168583678404029e-01,1.038318932086948060e-01,-7.872372348151666921e-02,1.392800285996250093e-04,-8.224216631812490685e-02,-6.525962128946057039e-02,1.505962492470949883e-02,-6.158825367922925176e-02,-1.230886603332388869e-02,-1.532445517099289417e-02,1.221425735311424676e-01,-3.613236829036779035e-02,1.147831154609760262e-02,2.439298226188630833e-02,1.101088975516435337e-01
-6.294873006730283826e-02,1.748763892560724689e-02,-3.272892116134136498e-02,-6.259023532355195707e-02,-3.037024611822570705e-02,5.286298368367092770e-02,1.280098378558050254e-01,1.086013327387540112e-01,1.678855415323902631e-02,1.644386859731687342e-02,7.391220031183590167e-02,-4.380476034939181224e-02,-5.897758718560953961e-02,3.675862659627635032e-02,-1.548199162395872130e-01,8.837783478464485143e-02,1.303823666679541637e-01,8.635146036461952002e-02,-1.213703315858465498e-01,-1.346249394773488539e-01,-7.377702059748837476e-04,6.426623823879408504e-02,1.049077618352807911e-01,-9.188730823427471162e-02,6.699928583671135862e-02,-3.018191421554862128e-02,-5.514768753697689430e-02,-2.378699446196984313e-02,-3.030755610815328085e-02,5.719815666094840712e-02,-5.974782615083191334e-02,-5.478267940731865876e-02,-1.536444657301445221e-02,-1.203376294685059161e-01,-1.178357295791862408e-01,-4.668007827471681859e-02,1.061539565953227432e-01,2.583799305972529076e-02,-1.904064986290755768e-02,-6.078828116227161238e-02,-4.901128820061736308e-02,1.233240468277044255e-01,-1.476872295989451467e-01,9.708042640773713663e-03,8.651917126006113123e-02,-2.003835962327129572e-01,1.666151065596138958e-01,-4.167534178880887008e-02,1.057943927562518399e-01,9.123157716492304170e-02
-8.636792299515405613e-02,8.497169311093727417e-02,4.550815299332237190e-02,1.340704605705215352e-02,-3.661670603134772189e-02,4.044657499111390525e-02,-8.939100908052079880e-03,-3.999105900806213670e-02,-3.534597044200801785e-02,7.723261250841934045e-02,5.011511582782804397e-02,-1.324743027710388599e-01,5.923885657627824680e-02,1.743426747358958750e-02,5.432459403209839027e-02,5.883144292066382758e-02,1.295829601964913237e-02,-1.557016091840405549e-02,-7.964755775325235709e-02,-1.045874877811642095e-01,1.051565761135362792e-01,1.168123672410654491e-02,1.408273130722768329e-01,3.610338562212515867e-02,-9.538764038723816785e-02,9.374874160827936787e-02,5.191497351950308953e-02,-5.843024851552565402e-02,3.220498070011575814e-02,-3.798820421890184307e-03,-1.134017419990927950e-01,6.864496732871257223e-02,5.719362587823290101e-02,5.315032306056261674e-02,-7.417684583921535513e-02,6.194319699924051570e-02,4.149672505799002764e-02,-1.282561234077423118e-01,6.134942970907782123e-02,1.618430042396195451e-02,-8.307185956956938955e-02,2.962850510050572123e-02,1.021932436157735880e-01,8.396798067342180205e-02,-5.094001149253795518e-02,-3.041587940087408029e-02,2.143801733057846496e-03,2.947076429218353430e-02,-5.535695059666129875e-02,1.872856176324338290e-02
-9.565896768443986342e-02,-7.037000163035334044e-02,-1.023354026269844702e-01,-6.710607942529424330e-02,-5.113011756782388784e-02,4.608104889676016558e-02,1.030665383411468322e-01,1.789871305453939396e-02,7.145721260944201680e-02,-3.934712931228603189e-02,-1.091824992180369554e-02,-3.428801640589180209e-03,9.182899335427976983e-02,-7.168497093253169139e-02,-2.834153352914197885e-02,7.553793583850627880e-02,-1.361782800333886934e-02,5.722140677555680177e-02,1.666194674372434813e-03,-1.097128299199334606e-01,-1.641973917581050421e-02,-4.874795735369676780e-02,1.249482932867782004e-01,1.208078233208931263e-01,6.680478290949978804e-02,3.385766242065421650e-02,-3.494432282109594112e-02,-2.444066674416130874e-02,1.022479191664044523e-01,3.715913185658642481e-02,9.370420869454755552e-02,6.419903406107718702e-02,-6.369793512746806108e-02,3.736558839067699589e-02,3.842924598801981690e-03,-1.032004440272334296e-02,3.213795100459061055e-02,-3.721025798896002157e-02,-2.576843458269762605e-02,-9.026584331058399050e-04,1.191803447495078661e-01,-6.060472580707981088e-02,-5.670694362906358171e-02,1.322716462808667427e-02,4.158135822613057836e-02,2.342371440159800658e-02,1.269894565469556827e-02,-4.747153152544175692e-02,-5.345448751521834907e-02,1.790903798688512072e-01
-1.470428924763526358e-02,7.341583845961240085e-02,9.808229611722499297e-02,-1.864216276752434301e-02,4.383648890805473541e-02,2.007241776120513924e-02,-3.445545729421295444e-02,-1.720606160768194115e-01,1.197243526491052479e-01,-3.315497553304815742e-02,9.751480362177397318e-03,2.796450758968575812e-02,2.433677568600183666e-02,-1.071695414422793036e-01,-2.176879479099669834e-01,4.978296496061174886e-02,1.339742712338587438e-02,5.747171091399357057e-02,-7.744568619366762156e-03,1.360184552721114271e-01,-1.007777789484709807e-01,-6.674645045666004715e-03,7.929308421544501925e-03,-6.767103583915622111e-02,1.616184579812354472e-01,-4.766352383456163438e-02,-1.034535350832494066e-01,-5.919014662676259919e-02,-6.857886412963570821e-02,1.597699624799244489e-01,3.185878906859747339e-02,-5.282238184230790556e-02,-8.044777111511323964e-02,-5.141178151762484938e-02,-6.657807354249831167e-02,-2.720010425836377060e-02,1.206338638435241195e-01,-9.852849493765734878e-02,-4.053354212078425639e-02,5.975470547242275887e-02,8.618771256628686428e-02,4.431277583759759241e-03,9.226447252833488988e-02,6.560613234318606046e-03,1.878227197736631951e-02,-1.137815415131959440e-01,3.028766837237348297e-02,1.918199709057718735e-02,5.045987254993400395e-02,8.356059980166906376e-02
-2.763722036635942597e-02,-3.509810703850486393e-04,-1.070893428851101177e-02,-1.249837925113386761e-01,-2.303486750315691511e-03,1.993654090070073881e-01,3.637331599521104186e-02,1.337802362019708743e-02,3.807891536785384945e-02,-5.442921837860445478e-02,-1.382540805438449948e-02,-7.482691053412082738e-02,1.471126905841241839e-01,-4.810103497508417397e-02,2.712194841993662356e-02,-1.379479496664172133e-01,8.413996258460872124e-02,9.082889937418371640e-02,-1.451886854373768930e-02,-9.614823943579907384e-02,4.550828571075400328e-03,5.116844896041178314e-02,6.457040418292776807e-02,1.394076456298859804e-02,5.313892913428821391e-02,-1.041314113746957815e-01,1.571511036926057786e-02,2.589803157262098032e-02,8.828843684077840315e-02,-8.978099322487093081e-02,-9.230956055272077077e-02,6.219860158279255646e-02,-2.631649452696046415e-02,1.750794235773930896e-01,3.729811815690790844e-02,6.692443909317130624e-02,9.517979649472550763e-02,8.387371999020755420e-02,8.495350527416316300e-02,-4.802307146151586076e-04,9.430572359728101040e-02,-7.361920498703625193e-02,-5.932223224712301901e-02,-1.281044364037573491e-01,1.833823527109597557e-03,4.482036660800126776e-02,-9.075985971433887800e-02,-7.194087260876529111e-02,-4.728395033664983815e-02,-5.285994876828314926e-02
-3.872175670277942360e-03,2.741760973307203267e-02,-1.879137675714361369e-02,3.781926805027515520e-02,-2.118984484481635511e-02,-4.374890972450246052e-02,1.619880816121982425e-01,5.400722310410381588e-02,-8.033921569359885051e-03,7.156197110492480695e-02,-4.643795107688258178e-02,3.010759766234905599e-01,3.788240032253862438e-02,2.140219467861672054e-01,2.258620268963224681e-02,1.347554082624002614e-01,-1.160214841385050905e-01,6.808385226540948632e-02,4.183946612627080508e-02,2.983558404102417544e-02,4.203363569425316165e-02,-5.989274877581180628e-02,4.302155985270149363e-02,-6.647147703994087109e-02,-1.144666499618655076e-01,-1.070404100712543521e-01,2.036528680746865425e-02,-9.303295468941496799e-04,-7.911481279969899416e-03,1.866472856749974429e-01,1.148824001984225657e-01,-6.809644553427454672e-02,-2.039326088968320405e-01,-1.694798628816703012e-02,-1.063747565552001090e-01,9.994047643869882758e-02,-4.323100094223609330e-02,-5.160506980268357580e-02,-6.924825554328677135e-02,2.048280828518555391e-02,1.918528798368912894e-02,-5.284850038556398316e-03,2.382086753822238168e-01,-1.501997140061504636e-02,-8.125255321412812315e-02,-1.622805558390565464e-02,7.441890474450510440e-02,2.216992623402052817e-02,7.054042914249009089e-02,1.333793894840670791e-01
6.204556623204640631e-02,-8.990151191315715051e-02,-9.079171080146667544e-03,-1.291247825067480016e-02,2.023026580758080853e-02,-9.615747113316804734e-03,-1.561046955575231543e-01,-1.943146725480962914e-02,1.282712008848283999e-02,-1.090670137981987753e-01,-9.908095486484687353e-02,8.884147920951068755e-02,-8.839380173459887580e-02,-2.947911630445367026e-02,1.324358697475768176e-01,-2.791714041068907651e-02,-6.567433335080606616e-03,-1.036065427713000163e-02,-2.742926935275452269e-02,2.662534299184858289e-01,5.978712812193512360e-02,-2.256817811475656573e-03,4.193027143589814210e-02,-2.734810651727980456e-03,-5.324565260524729421e-02,6.861608509596170413e-02,-9.237425536749734045e-02,1.186703181815302738e-01,2.347721276743496358e-02,5.354572677604241097e-03,-8.948222113124643107e-02,4.392146938018547803e-02,-3.726156168986304723e-02,3.158532289736328685e-02,5.641927242680051975e-04,-5.236361336089475488e-02,-3.785394023062101099e-02,-4.626204185773828692e-02,-1.574084518787579601e-01,6.074860572387302815e-02,1.027553519776091273e-01,-8.107282522435976801e-02,6.482668842239566742e-02,-1.611414148900753435e-02,1.870935407699007152e-02,-8.134655432714542334e-02,8.014367741756824037e-02,-4.164230991175200958e-02,-5.313650710233328717e-02,1.232515189579524023e-01
-4.766285468015642873e-02,-2.484333911583520502e-03,-1.035039692110928250e-01,-3.611776357410009103e-02,8.165478372164966525e-02,1.153388160640630017e-01,7.768792798772300445e-02,-5.345005043908221398e-02,3.394525750486380999e-02,3.506966645725784898e-02,-4.320667354163768015e-02,4.031727640996973089e-02,-6.579670800233899941e-02,-3.923267290698286220e-04,7.722997088931947418e-02,-7.173074176683377767e-02,2.465027018701282120e-03,2.615830884533789508e-03,-1.841693796269349981e-01,-1.596861053655246887e-01,2.197698494751348930e-01,1.280581546404936655e-01,-2.583889412975753225e-02,8.935573962001978898e-02,8.176670825475516532e-03,-2.257288837962309960e-02,6.115538903073933219e-02,-3.205855868084278582e-02,2.067957703188327487e-02,1.824957014043357140e-01,1.031103212847205193e-02,-5.457630916028028550e-02,1.235515417563047558e-01,-6.960574150056755838e-02,5.033955163079061046e-02,1.236434667580683065e-02,5.238046454655288092e-02,1.112650957788314729e-02,2.387394600536305034e-02,1.007371496764527218e-02,-4.597714672074571657e-02,1.971923368590020875e-01,1.050743314900156114e-02,3.336680024317491972e-02,1.450130455107952743e-01,6.981554456276704845e-02,-7.124987602412663490e-02,4.199721967052210542e-02,8.736292045397250905e-02,-2.057170853251448148e-02
1.625168837057124060e-01,4.975258204132797235e-02,-6.327800512065347160e-02,1.065976892671435527e-01,2.874051456737432286e-02,-2.229051878277221732e-02,-1.878840759394457757e-02,-3.522200408941782851e-02,-2.072068537429484422e-02,7.407903161850534768e-02,-1.537270126567618148e-02,-6.036959287815815006e-02,4.922978404530294061e-02,6.086960821038371605e-02,2.199190629113915302e-02,1.204401270714646754e-01,-1.153161851084451156e-01,-4.136843415422041675e-02,-3.892006542669385061e-02,4.651355668650967307e-02,1.215807983862552816e-01,6.855778587154665038e-03,7.554222397689001889e-02,-6.974465564164231135e-02,-2.175306490092299150e-01,-8.353190759709872015e-02,-2.499049490836567980e-02,3.506803565884864665e-02,1.375695362725826675e-02,-6.673874722679187799e-02,7.331269506647639100e-02,7.454233555075245876e-02,-3.406066904130669593e-02,5.842631306575460370e-02,1.308672306701741672e-01,2.023639275696973230e-02,3.833951613394199348e-02,-7.023862760857328170e-03,-4.094695657309974091e-02,-1.146417531756378783e-01,2.988199435527277847e-02,3.461882036072048974e-02,1.811788508382282045e-02,1.487818721901079666e-02,-5.302569907622458473e-02,2.455341725385581930e-02,-1.423351089489812427e-01,1.426611618548766780e-01,4.999493147801619547e-02,5.136944791398161125e-02
-4.659321937131395697e-02,7.904937237019234175e-02,-9.498916062662186854e-02,-1.591527697117593732e-02,5.418534345572469969e-03,-9.904533733033196730e-02,4.239638806121003717e-02,7.553762442359619744e-03,1.011548747219967737e-01,2.674617754297054298e-02,1.671728902860345756e-01,4.947723173618234077e-02,-1.608394230583386764e-01,1.056625917459548883e-02,7.724751530481747952e-02,1.127297644813694544e-01,1.222037545101831157e-02,-9.698985221250359945e-02,1.408601972366145538e-01,5.534364778581424976e-02,-1.390605363978717757e-01,-6.865004537757440212e-03,-1.996756513243365741e-02,3.343901682076277221e-02,7.548113091557114018e-02,-5.395787267213941057e-02,-6.516294279199937034e-02,-1.605164311587375979e-03,-9.171256464246069565e-04,1.438031531289450660e-01,1.725333322902717070e-01,2.410649190894163796e-02,-2.784398276391774479e-02,1.422553679989647067e-02,-1.238350276479367046e-01,-1.801215837344587872e-02,-1.000326154576890170e-02,9.302126756934651908e-02,1.075953178041446356e-01,1.054218641438927767e-01,6.901522013785955922e-02,-4.340861980863421066e-02,-1.996739439576522730e-03,-7.205922719730545323e-02,-1.118980120432092606e-01,-7.527042710511226524e-03,-2.204709287524666411e-02,-1.342656880346150550e-01,-5.841110424952310892e-02,-3.231344333820136694e-02
1.020334971427509091e-01,-1.973956588663450806e-01,8.765448933091087025e-02,-1.166809265657748479e-01,4.121385219444698156e-02,7.580961875350354651e-02,-6.982147853532143233e-02,4.367318894492021319e-02,-1.105815878955845044e-01,4.649895762308483421e-02,-4.798518411113336657e-02,-5.660037964736755467e-03,-3.617159219538764597e-02,4.700754280115238687e-02,1.641992612051108510e-02,-1.057081013648651369e-01,8.200126634282654814e-02,6.854385862498856008e-02,1.013770960569768259e-01,1.243350555539567484e-02,-1.191572626658264980e-02,-9.082422591321093197e-02,-9.161259018788224517e-02,-4.579092635698372299e-02,-4.432508928524837161e-02,-9.513666278214115424e-02,-1.513338711568293637e-01,-1.251902189062747417e-01,-5.843916304467918627e-02,1.709228432038265716e-02,-1.664552893621388807e-01,5.634809521108326974e-02,1.121306742673353583e-02,8.888428358345587532e-02,9.804635877707552905e-02,2.389101354911128683e-02,2.731413415522598864e-02,-2.214196917510195817e-02,2.946536069201135047e-02,6.757816949000447493e-02,6.625887259411490648e-02,3.623891678440437775e-02,8.463617080300928075e-02,4.394311451125224727e-02,-4.704460155192827925e-02,4.361908797822846434e-02,-1.064138955737047448e-01,-2.785058909448516039e-03,-2.000377422522900128e-01,-4.986719018339087067e-02
2.314359820252092498e-02,-1.169024473831835331e-02,8.607787034363305334e-02,-6.626772946908017492e-02,2.628143482191008101e-02,-5.810949455673857650e-02,3.634467173214759456e-02,-1.696282898478789630e-02,3.023120988134945716e-02,-5.561253752363853886e-02,2.416467055307038730e-02,-6.062253933306958886e-02,-3.156813686736031910e-02,-2.265097863611549231e-02,-1.442879674784599241e-02,-8.338887490299079497e-02,1.055002430090518362e-01,-5.841654017243939900e-02,5.078546911447450601e-02,5.301538625769896401e-02,-6.297145275056267866e-02,-7.523580350910696879e-02,1.096608688040978663e-01,-1.432915298030348616e-01,-1.187065268391437473e-01,-6.307225961457223196e-02,1.432051902732101728e-02,2.194654215097054106e-01,1.179286584083839504e-02,2.470691133285560226e-02,4.095591536453149079e-02,2.982127741638166546e-02,-1.157268340906185966e-01,-6.357168421263971470e-02,-5.459116348315028178e-02,-9.062623490969749784e-02,-5.651490201710675926e-02,1.844177573133790743e-02,-1.327773604376212557e-01,1.126458053579427326e-01,4.474219296602786194e-02,-3.012315228590416519e-02,7.021937593305381184e-03,-3.768160859894399608e-03,-1.414218344184283056e-02,3.937937421400733440e-02,9.432892590347620454e-02,-6.373110379616458987e-02,1.579398988567987938e-01,-3.196656058562646202e-02
-1.067561760675099086e-01,1.061514341144584317e-01,-2.786357547464673318e-02,1.375790214274399681e-01,-1.027185328381056278e-02,1.930527945581819727e-02,-3.469939366278560616e-02,-2.612581128071584866e-02,-5.102255556336646874e-03,2.029757695808968310e-01,-6.125568801236191963e-02,-8.911619387647376489e-02,8.436547511165383428e-02,1.550076483041337438e-01,2.443623801347890798e-02,-4.014382200557920638e-02,2.573680515860767015e-02,2.103624854025020960e-02,1.840362002076098916e-02,-4.740298927122019342e-03,1.521733846875023867e-02,9.015533273848427842e-02,-1.938345368265394220e-02,1.265492226792170327e-01,6.096097136373943709e-02,-1.481217077429848421e-02,2.145746483257699594e-02,5.778222282611263777e-02,1.082877825544995426e-01,-7.699996663870922742e-02,-1.984642869752975894e-02,1.015211283208765358e-02,1.924605268789406909e-01,3.533820186414966813e-02,-1.882792024726422445e-02,1.017016079996488909e-01,4.618679970284664260e-02,6.813517683114753143e-02,-5.436930575434673410e-03,-6.986927794757724630e-02,-1.212583888183049394e-02,6.443934736919311457e-02,8.083132489402662657e-02,-6.530909949258422408e-03,6.805713413283585866e-03,4.922696043559800227e-02,-2.970291511131024562e-02,-6.019864408142844292e-02,1.220576964388929431e-01,1.627106188833840617e-01
