1.447757610885123947e-01,-2.633918011825821526e-01,-2.999849196384716810e-01,2.209169233395112120e-01,-1.223697581039284027e-01,1.580276559674820627e-02,-2.022300898793572277e-01,-1.241781711164351987e-01,-3.372097964721915836e-02,-2.335049019031728429e-02,1.949198554382979010e-01,1.183733768625687410e-02,1.193984338646289917e-01,1.296931210922664390e-01,3.884660979162242456e-02,1.463867613909764498e-01,-1.174907659684041455e-01,-1.587814495034032825e-01,-2.375278302538149366e-01,3.073906162243641438e-01,-1.620630420440486580e-02,-8.853518629591952682e-02,3.065184750270122382e-01,2.704757228999485896e-01,8.770720982042803926e-02,2.552762130678308816e-01,3.049934986569494688e-01,-3.238568959585739759e-01,-5.733729340132058538e-02,5.455405710513654138e-02,2.704874329400486221e-01,1.394343564766869050e-03,1.625638135427979469e-01,2.528970041968834348e-01,-2.449062538031561431e-01,-1.119512698708754334e-01,2.864773920522578621e-01,2.725200682530398710e-02,8.717821530778691042e-02,-2.649974396697993631e-02,-2.434886611545841045e-02,1.238971378884317770e-01,-5.420116052617103553e-02,-1.495185470129754557e-01,-4.075971924300419991e-02,2.110798803216411886e-03,2.292567026338168668e-01,2.517571789359486223e-01,-3.554539776326859912e-01,1.272617634107659212e-01
2.589248868271501469e-01,2.996597081024652831e-01,-6.598413411964614006e-02,2.795752860696787967e-01,-6.418275656156725850e-02,8.496909358706791759e-02,6.276836181241934876e-02,-1.435895123600431367e-01,1.242906873794072942e-01,-7.930481154015988840e-03,2.668751553258915110e-01,-1.754133490149759889e-01,-1.871695118665329394e-01,4.813345740050951199e-02,-2.943375867811333091e-01,3.581598497534619896e-01,-1.095451445012918523e-01,1.310052406352842369e-01,3.823568785921072771e-02,6.391857360244694586e-02,-1.833040947115337216e-01,-9.476974409104466437e-03,-4.340664889642251723e-01,-1.913983259652577151e-01,2.880277692451482796e-01,3.716217094748785477e-01,6.618963225175736320e-02,-2.892440113660695866e-01,5.294218354152727124e-02,2.552655032368894017e-01,2.443645439507836081e-01,-2.595759515173448606e-01,-2.190440874967929663e-01,9.099533953013813625e-02,-4.298351193420171801e-02,2.752638927646181566e-01,2.622261184785874000e-01,3.036039065583123753e-01,-3.473021717651464391e-01,-3.785487335982390400e-02,-6.795501581658284270e-04,-1.036526593181146677e-01,-5.920205324337952241e-02,-3.199143303060531518e-01,8.309163485381018677e-02,-1.733890122216989182e-01,2.365492936901792201e-02,-3.537109142501329573e-01,-3.422080533477855901e-02,-3.321144896854541506e-01
-2.712678818185519369e-01,1.570195755138270866e-01,2.022716793330924523e-01,-9.483994804399539791e-02,7.558530661421439256e-02,4.397241264165869246e-01,-1.056806955168899248e-01,-1.517483022749436250e-01,-2.016580678182957886e-01,8.274048581250355999e-03,-3.596783699146834795e-02,-3.095417456416349467e-02,3.271863498649361657e-01,9.866908420987868800e-02,-1.296620053590862576e-01,3.336123725971630871e-01,2.840504809017039764e-02,-2.544487708579481477e-01,2.688309367920636572e-01,-1.771171841706784822e-01,-1.082981567919749227e-01,-3.861021377005003918e-01,-2.168173110588463293e-01,9.156478931084979789e-02,1.908967175346628839e-02,1.797538507822822249e-02,2.148190488582986668e-01,-4.320914698600137466e-02,2.898447150462828484e-02,-1.545692271124514102e-03,-2.772801744779551658e-01,-1.465021618519655455e-01,-2.616015897346979369e-02,1.137525205108925602e-01,2.745702341573025840e-01,-1.983699098235007785e-01,1.257654811808139872e-01,2.589833760578970079e-01,2.826405664368122905e-01,-2.330008794223756563e-01,3.681070160853591178e-01,2.222668710960022387e-01,-9.428186759837416109e-02,-2.606297096199010344e-02,-3.846397798765480852e-02,1.035224052297827463e-01,-3.105480966068037696e-01,-2.374447388164987183e-01,-2.313570590064113475e-01,1.545672361687975560e-01
1.947371812262288227e-01,2.962259465428195362e-02,-1.993360410537541039e-01,-1.959533412653702983e-02,2.304049790802133735e-01,4.453138725515636692e-02,-4.512824833313212186e-02,-1.273726534797481880e-01,-1.101230633894647870e-01,2.098335872452204709e-01,-3.507242119942309833e-01,-1.220261535775522682e-01,3.380271641011439177e-01,-1.330681017047963266e-01,-2.545547840094912820e-02,4.110913708282917800e-02,-4.328509895872501012e-01,-1.931932220809380249e-02,-3.001915438496064459e-01,-1.114363297888381760e-01,1.421934660539676265e-01,2.760220636123916077e-02,3.415497116993052584e-01,-8.589143271455261519e-02,1.086048712557336066e-01,1.966350672783348519e-01,1.825709429512477056e-01,1.760169825187836157e-01,2.808899264666114837e-02,6.676797000756858058e-02,-2.622877869989817534e-01,1.129926969773137196e-01,1.745839870949137673e-01,2.360912975172471395e-01,5.692400794883437087e-02,-1.762759853313117797e-01,2.061139769980332992e-01,-7.765977582676204805e-02,4.222553159750239843e-02,-2.823504344876375666e-02,-1.649991615298318226e-01,2.584456956557095730e-01,-1.672842945805571857e-01,2.820210393941676719e-01,-9.701191551217712428e-02,4.938941896294962719e-01,-4.590564476181453746e-02,-3.111370116193291069e-01,2.600052175945184382e-02,-9.313749304204930416e-04
-3.956377620036469894e-02,-1.194428460213265014e-01,-4.481939860917436014e-01,9.991592707335042456e-02,1.309461544691051249e-01,4.493728490781077889e-03,-2.457544904815910369e-01,3.556266814512344387e-01,-2.395743369553970381e-01,2.024661218968778209e-01,-3.463380536435300971e-01,8.948886309783407600e-02,-1.830794386301265730e-01,-4.109295275434622641e-02,-2.612398864717211944e-01,-6.132535382236882493e-02,-2.573587988336830112e-01,5.891132358781447226e-02,-2.383192972373478768e-01,1.375657773682706642e-01,5.046587223281133738e-01,-2.032989566037702311e-01,-5.555489544363323429e-02,-1.549475512988746917e-01,2.017986226962448573e-02,-9.438996482553294043e-02,1.447372778946951211e-01,-2.849182677768251071e-01,-9.503015145637974670e-02,-3.279679374090813115e-02,6.330065394614765584e-01,-5.474064809857709379e-01,1.580528294408726012e-02,4.035166340359606640e-01,-1.317668042400577111e-01,-1.478992281291748034e-01,-2.147358802572374714e-01,3.093330591925030557e-02,-2.532928732899608071e-01,3.253202651145180313e-02,-3.233601841016114919e-01,-1.284059592225659796e-01,-5.748832117239743161e-02,5.777873747651393610e-02,4.303541402082887157e-01,1.129956298617372512e-01,-3.977977320490526103e-01,-3.936655444278631122e-01,-4.483671391193482653e-02,-4.427147476053867881e-02
1.089407542676346791e-01,-1.031656475386832361e-01,-2.207377939870731054e-01,-2.861739195130826863e-01,-2.762724856299019760e-01,5.931479271151621768e-01,1.477454666961658947e-01,1.024339422193765725e-01,9.209693970321029821e-02,-3.811827401727225974e-03,1.088911777772850597e-03,-6.373627991639622958e-02,-1.602281223427141910e-01,2.644552319104840898e-01,-4.740751125330790877e-02,-5.522878051677371919e-02,-7.848191867344206374e-02,2.199761858706357764e-01,1.203527756477133503e-01,-2.752697127706230096e-01,-7.764260450575014016e-02,1.493239563629838174e-01,2.409988179334372482e-01,-3.994140149031111947e-02,3.015061415577036663e-01,2.720509748010114248e-01,-1.056143484742222138e-01,-3.013517503256474619e-02,3.213166009557414382e-01,1.050019930470737911e-01,-3.665027016265187676e-01,3.421716750919020500e-01,-3.499223129515237063e-01,-1.163001718501071105e-02,2.219855255144444484e-01,-1.955543759363956857e-01,-1.010819248421974959e-01,-6.738177179157084362e-02,-1.940371314050971241e-01,-1.818593408665382105e-01,-1.645956350059795195e-02,-1.768185011011684515e-01,-7.484269742855788332e-02,5.747937881408516497e-02,-1.558878286451338691e-01,-2.627470631621639345e-03,-1.534518621541544892e-01,1.360649326770249912e-01,5.291679395439352618e-02,-1.874920811144276389e-01
-5.766044935475140853e-01,3.639988370772848092e-02,-4.784339878969170318e-02,-7.721618949642741758e-02,-5.926513075610587850e-02,-5.726084042277321262e-02,-3.227215605405756027e-02,-2.692232081722906734e-01,-1.123274208361590004e-01,1.037935927272579384e-01,1.355190642353448494e-01,-2.205283649084754383e-01,-1.409256688784507605e-01,-1.631971776075157587e-01,1.969593769084341042e-02,-2.206150930523410048e-01,-8.668794752932965086e-02,-7.690406801105202639e-02,-3.017112650976900290e-01,-1.601659305035575409e-01,-2.758478297298336268e-02,1.782021884113472662e-02,9.214157958832454309e-02,1.645578942611745366e-01,2.839076408398689133e-01,-2.874051247592446234e-01,4.070365260476894315e-02,2.283582804129550559e-01,-2.749038596278146063e-01,2.479658548152120778e-01,-1.852537293735468660e-01,-1.886396703453175616e-01,1.650506496072574325e-01,-5.535627622541607062e-02,-1.652056095908807642e-02,-1.283832628533138065e-01,1.995351936563356243e-01,-3.192053586493256434e-01,-3.735254282502182277e-01,3.116168152972818017e-01,4.241371954395237176e-01,2.816140114607210143e-01,2.965711809849553293e-01,1.531790798247053831e-01,-2.663176855484701289e-01,-4.092299733500190384e-02,1.683522660337342935e-01,7.433557320097973486e-02,-6.181519907803898622e-02,-3.633687691814231346e-01
-6.174851987528545000e-02,-1.038276863793636123e-01,-1.930888156320528515e-01,2.019733872454657353e-01,-1.275289494130344981e-01,3.931551421637983768e-01,1.254264664862492495e-01,-4.567375989974329920e-01,-8.074704548379364744e-02,4.986692660892781404e-01,3.265319020727960398e-04,3.154411325754839963e-03,1.285906653395372246e-01,-1.585204285442111394e-02,-5.676774786862814892e-02,1.617890032455091276e-01,2.905707534002706649e-01,-3.427072421856378059e-01,2.183640241720339881e-01,-9.279955516691035244e-02,1.706049379773060537e-01,1.762708334760251516e-01,8.549641172228543418e-02,1.206961677527443183e-01,2.526846638099847775e-01,2.195878432824668533e-02,-1.808720172210239729e-01,8.262332671621257230e-02,2.309535788706760795e-01,-8.762129802869671191e-02,-1.761037760048051182e-01,-2.144559894917541509e-01,2.671633936038783075e-01,2.058578995421193880e-01,-8.745234295218411516e-03,1.999644351620421812e-01,4.760962005677532027e-01,1.139486951079115989e-01,-1.652872283734615477e-01,-2.786949960636200263e-01,8.375840952434369935e-02,8.483045693776189444e-02,9.862082086050348584e-02,-1.442389701387598588e-01,2.391611867029013461e-01,-2.057327097721856068e-01,-8.621423382785126099e-02,-2.871408954015354231e-01,4.831337624201857001e-02,5.678609663110312233e-02
-1.079200744767091630e-01,-4.190742011034126469e-01,1.922278867850919504e-01,-4.749882837232288074e-02,6.995329209765402401e-02,2.990758995028778289e-01,-2.513381829457976280e-01,3.263473611189723345e-01,3.605099622912800172e-01,-2.055027586998710298e-01,1.296594549194409196e-01,-1.550568352142927264e-01,5.523149411787562357e-01,4.408951686300353195e-02,-1.760874520978641944e-01,4.628614152864142517e-02,5.828022541224131547e-02,-1.994890038637641139e-01,1.988222289759592754e-01,7.400600633223986501e-03,1.241124512109418598e-01,1.530815913402042705e-01,-3.797125103835928290e-03,2.616024832865783689e-01,1.400019699892009195e-01,2.920613850892302410e-01,-1.163509762988353263e-01,-2.261908808152224004e-01,-6.842335122969115391e-01,-7.942160639497690411e-02,-2.579946142344867743e-01,-1.048876356926098097e-01,5.601811827884031064e-02,2.139033629073912313e-02,2.861103610180215640e-01,-2.197315049623086713e-01,-1.340370598668488497e-02,5.263031574236148175e-02,2.302642523948992548e-01,-2.531034227021786154e-01,-1.578286856219720050e-02,1.050550494513013827e-01,-2.090269028425431330e-01,1.403298640296843924e-01,-8.977386300522090246e-02,2.562633877471023891e-02,6.660184029909035908e-02,1.654119748721012348e-02,1.065441613674297655e-01,1.507913103475896910e-01
-1.568565925726962684e-02,4.214231748427664792e-01,-4.212021642673379196e-01,-3.044117459802366810e-01,-1.708189786348075501e-01,1.568113696942042279e-01,-2.761773615857631703e-01,-8.241348921136824879e-02,-3.909960623165660565e-02,2.433278431672203368e-01,1.209989698565800548e-01,-1.207043855943780164e-01,-6.202417846422624698e-02,3.298444219591750715e-02,1.022646858628450950e-01,1.814891369521603182e-01,1.762376503548801487e-01,-4.513690930442704891e-02,1.824577319834368161e-01,-2.533162156840113588e-01,-6.351535769439393443e-03,9.723803739367202492e-02,-2.842477960274284246e-02,-1.666679059047892486e-01,3.636204706684288968e-01,3.033027200822000502e-01,-1.851031628017907604e-01,1.864032109394985620e-02,-1.081677313722634454e-01,-1.821816778214918053e-01,-1.917882872052729948e-01,3.430129997264225183e-02,4.657105020761662800e-02,1.164115008620936476e-01,3.014005237633625711e-01,5.082746957083365130e-02,1.691199173467838324e-01,-3.243549022766379353e-01,-3.427418048920988225e-01,-4.431965494959924125e-03,-5.199118565059728247e-01,-2.427894573591143634e-01,-1.817200114749345785e-01,1.641873734746594204e-01,-2.622251042637398569e-02,-5.027263583988355461e-02,1.702531657065029236e-01,4.465427872903257600e-01,6.532092869741357166e-02,-2.109286847169564161e-01
2.405158515283382648e-01,2.601999657187077375e-01,3.196286260602651877e-03,-2.023243779023750355e-01,9.522425629164633920e-02,6.219726650558322217e-02,-2.661445548540083972e-01,-4.382415122041254801e-02,-3.129206899497257721e-01,-2.408790710735929375e-01,5.500285923155529000e-02,-2.214093845062300309e-02,-1.621354484219602876e-01,1.895779473694065298e-01,9.124293989634481294e-02,-4.917170231065200181e-02,-6.830032320113922639e-02,1.074427480341727525e-01,-1.696616926626564603e-01,2.814840837942071960e-01,-3.632541083155043510e-02,-2.479413896967218658e-02,6.254685386800599989e-02,1.927910972508795617e-01,-9.189567462919435992e-02,-1.412621843667528354e-01,3.759563978287236430e-01,3.353736808282091753e-01,-3.434838000791377854e-02,1.808353662201610812e-01,-1.231194665450816295e-01,-1.549042938484205267e-01,1.218047596590577167e-03,2.207711883437126765e-01,-2.887821837140827075e-01,-2.521980282502029325e-01,-1.659605425915690047e-01,2.566970760284414954e-01,1.882532907877806361e-01,1.048212164733875081e-02,6.693147461845205815e-02,-1.727460062236670091e-02,4.732946302054571452e-01,2.081287256179808198e-01,-1.862093197800551714e-01,1.122440451422278967e-01,-2.073170181706290027e-01,-3.807778276060162781e-02,-3.298018262158703973e-01,-1.619045268269832250e-01
1.341272085272127157e-01,2.035036469348567023e-01,1.820418006370929861e-02,-3.315584938900420497e-01,-4.355141291553869115e-02,5.646209512142733034e-02,2.186865288600987056e-01,1.523555343219457903e-01,7.674162434530608368e-02,4.201714321909617161e-02,3.760411205672107293e-01,7.917068139450043895e-02,-7.864946754922036432e-02,7.484000407265407884e-02,-2.761074009392079642e-03,1.830332743088151082e-01,1.408882442049258221e-01,-3.382748755902924009e-01,-7.586377370975469492e-02,-1.672760585937158734e-02,1.496048212338886574e-01,2.456611329279180800e-01,-2.430486335457890390e-02,2.005594465401601412e-01,2.596468140732113850e-01,-1.203260879816867579e-01,2.179052529474092073e-02,-3.170886377224460539e-02,-2.064920824729357327e-02,-1.771931562947797779e-03,-8.413014543687103927e-03,-6.010414388289310461e-02,5.247361739804631484e-03,-1.021864843080761819e-03,-1.568151437573230833e-01,-1.478035992747599690e-02,-1.020995315392306535e-01,4.891310801653249440e-02,-3.133187083420298502e-01,1.006199726853699988e-01,4.884934692823354047e-02,-9.617944895763599900e-02,1.279472677771638922e-01,-3.283802414413938275e-01,2.227874171445517748e-01,-1.595205176395585456e-01,-1.042063491782205253e-01,1.321965747820786075e-01,1.934198595854751956e-01,-1.090117260062833104e-01
3.427193107501079194e-01,-2.096054916216707753e-01,3.510955874690706580e-01,1.358746301481031649e-01,-5.171383425827703606e-01,6.973724522888606614e-02,-1.303234894914480635e-01,1.458372975368790736e-01,3.479065433221428250e-01,2.699829764460989212e-01,-1.510269239745615777e-01,-7.777894325874668002e-02,-1.004090894312425625e-01,2.365855279608925499e-01,2.403969553070750206e-02,-4.076441587234585495e-01,4.517036600411249159e-02,-1.799711421841837244e-01,-1.672326100655805933e-02,-3.770197614623820304e-01,6.972238159015031744e-02,-1.330357813656232180e-01,-1.160112047750529451e-01,-2.231479921960771995e-01,-3.956289843206715895e-02,1.813525284298311280e-01,-2.221373743028352277e-01,-3.511590453301340342e-01,-2.459110405099581842e-01,2.219393904563633502e-01,1.823006121301286864e-01,-1.396731669577071233e-01,2.373061216221786784e-01,-4.219005856274453126e-01,5.097145607156615410e-02,2.299708818856866562e-03,4.202297027155009190e-01,-2.683070634569670876e-01,1.264231889650991036e-01,1.612259407914022891e-01,-1.770150106169489368e-01,1.964116136791397571e-01,2.183061819572519879e-01,2.208492598647761040e-01,-1.830555358691739187e-01,-8.658734427367314676e-03,-1.694469352705805232e-01,1.775763455226052334e-01,1.103296883098066894e-01,3.341988466756149606e-02
3.342628079606448366e-01,-2.911630325795908081e-02,-2.949247991627615070e-02,-1.128509836069286308e-02,1.042337349119085294e-01,1.116688997986172438e-01,-1.916418494194979949e-01,3.271107511129826839e-02,-1.714046114737353271e-02,-4.161074678020899587e-01,2.558883743674875491e-02,-3.487341272258616121e-01,1.170428041989905327e-01,1.076818140980762561e-01,-2.470862788903558371e-01,-8.789211800854311585e-02,-9.822625193977571612e-02,-2.266888694323490328e-01,2.953559169961466058e-01,-3.973851526573786708e-01,-4.311259605289930602e-02,-1.097810251801208115e-01,2.330867657900280443e-01,-2.668096015539521138e-01,-2.907387999397756384e-01,4.916476266490834579e-01,-1.104786760129242013e-01,1.707653690426542969e-01,-2.562977145341311380e-01,2.244226026470596824e-01,-2.664846040135305794e-01,-2.558594937729644636e-01,4.386926596329089878e-01,2.202470374185801216e-02,1.043674336519050394e-01,2.384271299187897819e-01,1.082305852582469835e-01,-1.950178811767772913e-01,-1.682480558307385410e-01,6.852869951178765240e-02,-7.871726958657114526e-02,-4.759177477128451877e-02,-2.308046437200467760e-01,-8.181124791492427883e-02,-2.546730401249300280e-02,2.587316425878333770e-01,-1.956806055599324135e-01,-7.001953056905771411e-02,1.999436250360002443e-01,-7.072465489279910859e-03
2.923909811873993611e-02,-4.569630558592816666e-02,-5.021818118813269755e-02,-2.428788184596313571e-01,-2.069879152896925423e-01,1.927244991497071291e-01,3.350701168476252767e-01,-3.474440857519685011e-01,-1.449805236146454734e-01,1.551148917892770929e-01,-1.809399151292188923e-01,-2.074105670484535091e-01,2.162049894279282625e-01,-3.049639280998057284e-02,-2.776063385653678162e-01,-1.189751586340199174e-01,3.816643285912781763e-02,-6.672213930019699202e-02,-1.222257950300050799e-01,9.620956807053139548e-02,-4.812949012936772880e-02,-1.135809561119327515e-01,-2.098585608849179163e-01,2.314852240857447341e-01,5.520564623939852589e-02,-5.278409280352060196e-02,-1.104600192306234990e-01,-2.125052870637122171e-01,-2.503660698872580692e-01,7.634745057527529688e-02,6.882965063951898901e-03,-1.207371166241905935e-01,3.132545280562410439e-01,-1.717511154342520052e-02,2.861941364228660911e-02,-1.975758749335618514e-01,2.887313846077670890e-03,-4.018640964429294749e-01,-1.405029009844456500e-01,1.885827025566525483e-01,8.337253084132918712e-02,-1.160287190240791022e-01,-4.613094793472100053e-02,1.599937000081647909e-01,8.452522445866876566e-02,5.406922586737870733e-03,2.090917623045371043e-01,-2.431007315188272178e-01,5.754055379924364472e-02,2.761602627016154776e-01
6.150046620226429922e-02,3.221998471636621647e-02,-1.276635007602265892e-01,1.157557791403747566e-01,3.335760679106652971e-01,2.538337219334134143e-01,-1.084780832733939909e-01,-2.415245908194878915e-02,-1.622878293444433850e-01,2.570136344697603326e-01,2.229139674571322394e-01,4.708781773950965893e-02,-9.216263578403091628e-02,2.476125929755313981e-01,2.189421701648648910e-01,1.772281539199972999e-01,-9.087821879909482869e-02,1.674296858899232965e-01,-1.728598921345559161e-02,-3.685490142639085143e-01,6.440815797808745191e-02,2.142399493958353496e-01,4.420618227647450937e-01,-4.754405438069922440e-02,-5.605567778007521790e-02,-2.999114969945882447e-01,-3.518005275354515460e-01,1.216952035382655589e-01,1.311687583981145100e-01,-2.208300198419642646e-01,4.079226957012254129e-01,4.634070424241189534e-01,4.635041275876425892e-01,6.398388358346145111e-02,-2.659470098881241019e-03,-1.754045640959347452e-01,2.493170394256463140e-01,-1.307561756695001763e-02,7.448178494770490987e-02,5.710470366655939073e-02,-2.855928935260347856e-01,3.455862619042389672e-01,3.986105573697404370e-01,2.588534824638025755e-01,1.444997055107535011e-01,7.577720382387438669e-02,-1.668330909503122905e-01,-4.984651449649969007e-02,-1.453862100751442676e-01,-5.162626461905116537e-01
-5.251009393981445617e-02,-4.568375101813175743e-01,6.412167824881048750e-02,1.789391517433582823e-01,-1.410852704014723957e-01,-1.090510971526947870e-01,-2.113985310766964068e-02,-3.118512515894786841e-01,2.455051791434168657e-02,1.428030927804952999e-01,2.862710712440034722e-01,3.504981194706964509e-02,1.890557066595908442e-01,-1.471345566450610598e-01,1.219260182212813098e-01,3.220931972715810332e-01,2.277693082397072855e-01,-3.201013371044997280e-02,1.651521203939387838e-01,-2.706950615129122273e-02,1.692679330709127850e-02,1.576242965053054890e-01,-1.069716053173400405e-01,9.932512741214818974e-02,-1.658489182862570577e-01,-4.675802176117468956e-01,-2.666790038851684641e-01,-5.054069207479622988e-02,-9.806556452477853056e-03,6.847497975334417009e-02,1.369045518101834613e-01,-5.320744893131715281e-02,4.209096686371147089e-01,-9.120992494080741586e-02,-2.917559609054781733e-01,6.797128632536805206e-04,3.425513828459990640e-01,-5.066576121465086319e-02,1.551307292211988320e-01,1.111569410046838195e-04,-6.342101712973630123e-02,2.619281135293602958e-01,-3.247477648157347518e-01,-7.104391836444672037e-02,-8.789053512597663764e-02,2.865218095899437212e-01,-2.340255488138324458e-01,9.760825803935208045e-02,-5.284976330431161422e-04,-2.619794688057764387e-01
4.749674554812918226e-01,-1.765351818386367011e-01,-8.289662992454013835e-02,6.672507803080167735e-03,-8.216154609503313611e-02,7.245204982436845298e-02,-2.460452535393525264e-01,2.166609585277813887e-01,-3.253806201539119480e-01,2.248296022005416006e-01,1.724311387594404665e-01,2.343988283511971027e-01,-1.837045076817528377e-01,-2.219940587949001121e-01,-1.485905464058602798e-01,1.060088961453554968e-01,-2.072241655988824316e-01,-3.697546953507280798e-01,9.022678597191201300e-02,2.101603257568017136e-01,-5.517502465595589684e-02,-1.309705611383349400e-01,-1.377351093103465485e-01,-1.662941018800798421e-01,-1.286427502508523391e-01,3.230170455328013057e-01,-1.209913946885834146e-01,2.351851032781390183e-01,1.104689061089926538e-01,-4.344718063187754109e-01,1.545779868044943606e-01,2.657118617566375449e-02,4.469929523637780067e-01,1.624940091846876350e-02,-1.600240112483118649e-01,-7.802647589121317062e-02,-3.092864377846551646e-03,-1.683363988881243500e-01,1.169985317128005020e-01,2.109872533122736649e-01,2.397245958701147150e-01,-5.108146703123681576e-01,6.699825754025173774e-02,2.899792514476821816e-03,-2.469325941033022054e-01,5.412529917866956003e-02,2.151929417863315264e-01,-2.759440916912927477e-01,7.492424428578438322e-02,-7.195907043507682177e-02
1.913359144156842606e-02,2.550168467684625906e-01,-1.697046961533993925e-01,8.035985675666557082e-02,2.409886316390673910e-01,4.648254914911204017e-01,-1.483007553503658815e-01,-1.329794148045645441e-01,-5.164077455094097380e-02,9.594078143147072302e-02,-1.419535216149360457e-01,3.034540512486038049e-03,1.444394464940319117e-02,-1.728941509634060458e-01,-2.619303221083317257e-01,-1.234369378728711053e-01,1.120044751377005515e-01,1.563880670653772231e-01,3.047702479295040789e-01,2.714927855214880337e-01,1.296844377659541747e-01,5.825464443441947388e-02,3.041138342870121081e-01,-1.969365620401093697e-01,-5.223304031565025735e-02,2.727458050658039257e-01,4.099661187838535281e-01,-2.340320426915759935e-02,-2.621410129076857665e-01,1.569774689041862278e-02,3.981821409155807817e-02,1.008928253172585582e-02,-2.241031960053579616e-02,4.686515814593675971e-03,9.928790378165862351e-02,2.279908003414015949e-01,-5.813567973196911293e-02,2.715409642808679913e-01,2.016960517580878298e-01,-2.580687894204350408e-01,2.763018012931186540e-01,2.314251039659785680e-01,-4.116830699807745575e-02,-1.981126263807342913e-01,-1.334311835564467030e-01,1.742971537082205480e-01,-1.513269774447767724e-01,1.296044707643806138e-01,2.205052921136813060e-02,-1.318471662899155065e-02
7.685644232994436054e-02,1.882063389859363056e-01,-2.003209947994908854e-02,-1.871472985418277390e-01,-1.180838785128908858e-01,1.323579891561363076e-01,-6.584576974210123133e-03,4.108922673367564893e-01,2.959833113607859278e-01,-8.049281539708359745e-02,1.171837307306138609e-01,2.016492172075231015e-01,3.158334775078373013e-01,6.344421803913898039e-02,4.376306015363921886e-02,-2.006398664153602740e-01,1.354012032653589270e-01,-1.489842385156479321e-01,-3.220595591937534530e-01,1.655454873052493170e-01,-1.877800197776760271e-01,1.145690534037819980e-01,1.154834340365599593e-01,-9.674491921664814253e-02,-2.444837162869938629e-01,-2.563525877365237515e-01,-2.897548995948427963e-01,-1.949977579252624160e-01,2.022081691070238829e-01,-5.398046532878406772e-02,1.677051706465803316e-01,5.750017418324935431e-02,-3.523594917508465069e-02,1.020970235077853228e-01,-7.126892131735086677e-02,2.600363165530566456e-01,-2.047635118167885279e-02,-2.726137646150711968e-01,-2.098650987255692713e-01,1.286596021016698788e-01,-6.170685926105323738e-02,6.428054847264989824e-02,-9.357526260100477999e-02,5.081299295093898811e-04,-7.525340901710352026e-02,3.615051768669631099e-02,-1.934863034386052616e-01,-1.706471574514160372e-01,-1.325262577460869229e-01,-1.648713779837489637e-02
-8.387275745568997798e-02,3.044261738535436468e-01,-3.828943732884242113e-02,2.138339347711376293e-01,1.589366243273587498e-01,-2.943876060524281413e-01,-2.255221082788654852e-01,-1.917532729872371833e-01,-6.289187427314327228e-02,-2.745008501066014683e-01,-4.078519827066164893e-01,4.601540046617205171e-01,-3.212519236721080862e-01,1.866832540557966935e-01,2.756409044941298681e-01,-1.000492597207044559e-01,1.312831850810995682e-01,-4.204299083735756892e-01,1.252992557531905915e-01,7.488601312743404202e-03,2.959245792256772201e-01,3.275411190806180595e-01,1.545986643180216058e-01,1.018990880759999551e-01,3.969425221490854305e-01,3.131656858397980359e-01,-5.340730722013972004e-02,-5.220628495858838092e-02,3.973837344255557597e-02,1.071468619336549827e-01,7.210177257394234651e-02,2.160717104314074100e-01,-1.040030707554277373e-01,3.088569585626149694e-01,3.231680154036821184e-01,-1.763823590493974192e-01,1.705832134176601400e-01,2.860576592868240842e-01,2.300621224976327484e-01,1.983942822859075250e-01,-3.045163937064242210e-02,2.324184396069085834e-01,-8.881484469632840162e-02,3.665067367456703584e-01,1.185559403473702283e-01,-1.589916397809439941e-01,2.632718072685951705e-01,-1.142499332701346348e-01,-2.965426424790483240e-01,-3.839601132380787707e-01
-1.849098680487986646e-01,4.112214145133379350e-01,-4.374495083164337689e-02,4.253897119635744600e-02,-2.518366386845808380e-01,5.454650503341219869e-02,9.748362891746789605e-02,1.333765521914992425e-01,7.546773452192588605e-02,-1.117188374220930841e-01,3.331672246481869881e-01,-1.724182791413334248e-01,-1.302841789141970796e-01,-2.987331294147015370e-01,1.056792370665140673e-01,1.120653805280289045e-01,-3.573980146159254634e-01,-2.218163943565245877e-01,1.333368593725383910e-01,-4.091252752642961510e-01,-1.493797567313994989e-01,6.860042587189515984e-02,-2.502504894155436754e-01,-1.234369529052695980e-01,-6.368281863614162763e-02,-2.850167741760101237e-01,-8.744902556273888294e-02,1.933261972269771922e-01,2.299741134849176694e-01,5.280253186447897429e-02,1.958452792889045779e-01,1.219422276439958708e-01,1.488497472574274172e-01,-1.517473958988905525e-01,-2.589866017691483946e-01,1.180155970250550967e-01,3.091282647369555936e-01,-1.318131927935909942e-01,-1.440698740912350027e-02,8.902722055112109734e-02,-1.395893622368057085e-01,-1.020267156700688932e-01,-3.622688240418515671e-01,2.716326283185078183e-01,7.953239402395119451e-02,-2.182823662425294187e-02,9.093589986244732248e-02,-1.070440198998555067e-02,-1.516772036798986756e-01,7.066151278160848204e-02
7.555545458315961194e-02,-2.354730214901152585e-01,-3.140923744490142083e-02,-1.901548352340762527e-01,3.340492551700074975e-03,5.362209610718516872e-01,1.069349487222111122e-01,7.921380034709962770e-03,-3.191762158130683757e-01,-5.390448733186938707e-02,-1.886858646341240675e-01,1.564999536188607099e-01,-1.864971859599550211e-02,2.447565711019050738e-01,2.808207112036230635e-01,1.683228974783769483e-01,-7.503165860953672772e-02,4.070984887428449883e-02,1.565939213014839182e-01,-4.372071142589903370e-01,-2.563531552463367211e-02,-2.664543750101346919e-01,2.432363587995438059e-01,6.539071875932505815e-03,-5.548338825356309290e-01,-4.874563626933555716e-01,-3.986538091149778584e-02,-1.155089353861566137e-01,-4.831394615641042278e-02,2.995771760709805415e-02,6.508331833806032911e-03,-1.383309768502761217e-01,1.554111572088184845e-01,-4.908266679438161861e-01,4.187589242738620765e-02,-4.397295295462983616e-02,2.215030563773583705e-01,4.895355498479269513e-02,1.989019821884100703e-01,-1.367384478707892037e-02,1.980171102473585742e-01,-3.158988673500582878e-01,-2.652357813036834711e-01,1.671535488351955923e-01,-8.279757246396947379e-02,7.826175146227991597e-01,1.272962950427036430e-02,-2.649109106252781620e-01,-1.088950781355273734e-01,7.038798750234723234e-02
-1.170841129155063137e-01,-4.355324075948394102e-02,5.054944334562908592e-01,-7.141281621555825446e-04,1.152684662525828851e-01,-1.995779645706603489e-01,-3.014068854098753691e-01,-1.408295109526431221e-01,7.873494449596549205e-02,-3.677318613947818116e-01,-3.065266599835860251e-01,1.224481987616314604e-01,1.184100596535015149e-01,-1.539915343374699194e-02,8.158449848417800854e-02,-3.602227494943681663e-01,7.748977308487348115e-02,1.744412128120577943e-01,5.090726790934668039e-02,2.296684715828156698e-01,2.855684730432921370e-01,8.199771363466000496e-02,-4.489950516150866683e-02,2.944204890662777685e-01,-1.649847709704287679e-01,-5.150792834470629966e-01,-1.902573861068084793e-01,3.681290862359759553e-02,-5.101996515463584903e-01,2.521096322939196943e-01,-1.794001741453430387e-01,-7.053305431409034876e-02,2.935894399058563420e-01,1.922742702305541007e-01,-1.224260730844585060e-01,1.327113210292801826e-01,1.661566015366059135e-01,-2.643867563676891574e-01,-2.764789730857856731e-01,-3.292986649947259870e-01,3.497473135758030205e-01,-4.386451758908040816e-02,3.640772639173279202e-01,-1.588527363254900182e-01,2.931943402759719097e-01,-1.044715880772304623e-01,-3.793175731121315158e-03,8.206658092731128687e-03,-6.679659308633807691e-02,-1.751171945742230618e-01
-4.567238656767141358e-01,-3.591186614404002220e-01,-1.682382729191395088e-02,-2.835911411380438729e-02,-1.598611107132657735e-02,3.404144003646815131e-01,-1.402953981548806517e-01,1.694606131913448804e-02,-1.246716683312361212e-01,3.307598710363560679e-01,2.293819355832094620e-01,-8.736039348856013131e-02,-3.288250072233174781e-01,-1.110172180123565056e-01,1.523834844963174173e-01,4.771465645842408732e-01,2.642081925198620507e-01,2.272868445213965527e-01,-2.109587243073514917e-01,9.571951482703527914e-02,1.133337731524866193e-01,-7.258248535525675671e-02,-7.369356558825941594e-02,-2.565508784529985098e-01,3.234513624884357563e-01,-2.902993355112161722e-01,-3.175306835906927527e-01,-2.110668511482485243e-01,-1.192972682240233950e-01,-1.095251794000945550e-01,1.144118708315922245e-01,-3.408243776255232005e-01,-2.932321867925715211e-02,-1.106572549829946545e-01,-1.535783160169433281e-01,-4.490281693677744546e-02,2.470704735176076569e-02,-3.350087492721430804e-01,-2.468060660758603642e-01,-5.003750168574258583e-02,1.533969696794376114e-01,1.223826272248580149e-01,5.146071714332126068e-02,3.127067548013781062e-01,-5.713117238262568343e-01,1.536606528708546471e-01,2.783252706877036298e-01,1.287027648475094592e-02,-1.391973061892030072e-01,1.789235103697542351e-01
-1.581304614108358375e-01,-5.605529553312329702e-03,3.509329421524855497e-01,5.645189441042264278e-01,-1.180420728171879402e-01,1.385428861838777503e-01,-2.346022717576182470e-01,1.608855377349463767e-01,8.755608116495820770e-02,2.050421732655909879e-01,-2.182626844988398984e-01,-1.999055848578713823e-01,2.257542599927798987e-01,5.090763063616223633e-02,3.020101442082023455e-02,2.237370037955759006e-01,4.152383804683307811e-01,4.495986239549185082e-02,4.130641335110037948e-01,-2.744561572239427871e-01,5.511357767071488334e-02,2.376137263494087215e-01,1.508745178577345081e-01,6.611993751386147089e-02,-3.520465496402970240e-01,1.072697875899270570e-01,-1.509966896432473338e-01,8.617201687284546663e-03,-1.049154244710164136e-01,-1.258927301775365215e-01,-1.496445442784516133e-01,-1.931412429797726704e-01,-1.835306149215045202e-01,-1.335040512644368182e-01,2.031344910984856922e-01,9.235503148455886935e-02,-2.313958543968262782e-01,1.996815355513136547e-01,-9.084091500827765064e-02,3.379718360011156886e-01,2.854025422811408419e-02,-2.732631144167444459e-01,9.709932687709435517e-02,1.734278328980087824e-01,9.609506410785356723e-02,-1.201009969918682974e-02,-1.563314019316853487e-01,-5.586168057088693878e-03,-1.106743544000469981e-02,2.401823506145070453e-02
-2.629536178020729920e-01,5.051871723278647357e-03,4.098680514197690639e-01,8.491095165521996002e-02,-2.248733347358618240e-01,-1.483660819273404513e-02,-9.139218926738508497e-02,2.140994694393926756e-01,-2.026735215988141325e-01,9.142847427223199652e-02,-6.663646145129561993e-02,2.214524511548101315e-01,1.149412033781211234e-01,5.915509978902343535e-01,1.711100511845481120e-01,3.803917052397220652e-03,3.143346644911424459e-01,1.324554367964466128e-01,1.760215177875461834e-01,1.844649424462985743e-01,-7.767452926331090690e-02,5.580783736211372692e-02,1.119927562314302905e-01,1.226170730549928783e-01,2.767089472706943387e-01,-1.281163728681896374e-01,1.127342494128808111e-02,1.369255918469799993e-01,-4.093950984702073859e-01,6.858404860758748889e-02,-3.101725014245243842e-02,-2.553132320858286231e-01,-1.913242357911747182e-01,-2.839078472532927805e-02,5.722327486615878811e-02,3.463671538205218003e-01,3.912423929955209934e-01,-4.814024719199355151e-01,-1.672936075644571863e-01,2.113344470904718053e-01,-4.892296046460021808e-01,9.033949428013753058e-02,1.897880838732625974e-01,1.989375525952706281e-01,3.486849322593548739e-01,2.683914112402700503e-01,2.089477590271649754e-01,2.516925146059781904e-01,3.902736502503540983e-01,-3.194624241925366204e-01
-6.481397663369313500e-02,1.262134462993608486e-01,-4.900059888680177722e-02,2.316455452201136023e-01,3.268503229903654134e-02,-2.246189785345197587e-01,-9.064789320192287447e-02,-1.096969414553086164e-01,-5.083560749247882649e-02,-9.128227364882883499e-03,1.537246344125960118e-01,-1.210899316251796004e-01,2.851060640233844534e-01,-7.939935678393029994e-02,-5.285754893953648059e-02,1.494686955195763112e-01,-1.058939490409350620e-01,1.849626331402976775e-01,2.591999657594427076e-01,-1.186243671313994691e-01,-2.377896682685213536e-01,1.692973587927865120e-01,1.166878737241127811e-01,3.007593512774037539e-02,3.182719531375920452e-01,-2.054705117539866177e-01,5.567322205672813398e-03,1.329628553583580286e-01,7.458609166696786308e-02,-2.213648543752259334e-01,-1.006159030533933935e-01,-2.656670753618143310e-01,2.723634983689637856e-02,-1.718130924740514931e-01,-3.200717527998878653e-01,-4.031313102211731003e-01,1.467054263615426013e-01,3.479349476141454511e-01,1.653804399741153064e-01,-8.912178400161853420e-02,6.490013183592124868e-02,1.862767659330828718e-02,-2.052827018560208772e-01,2.097594050285080114e-02,5.117372703253739163e-02,-2.082570059948816721e-01,2.346672548298176231e-01,1.120209124459390776e-01,-2.553969570811761777e-02,-2.258936306437074049e-01
-4.797755781516800655e-02,-1.033076252030813436e-01,-8.622765512922384371e-03,-6.065468339429044148e-02,8.021354375617351096e-02,1.879946176074645536e-02,-1.104636305883999470e-01,4.187980768800572129e-01,-7.943394815014730159e-02,-3.996870943057105607e-02,-3.107249652141689904e-03,-2.812454937119711618e-01,-2.912248549296546016e-02,3.964815446454363762e-02,-1.168440443258654364e-02,9.709188553000411281e-02,9.870414296363153039e-02,7.954250446833864563e-02,2.995984903778379713e-02,3.064064704484243968e-03,-2.820101005598131816e-01,5.889005871619871352e-02,-1.936273625003690768e-01,3.307362989497847350e-01,1.829425590421632219e-01,-1.916679254000066002e-01,-6.339151040437190909e-02,-8.745133858890341561e-02,-8.646426568712671512e-02,3.839496530760246329e-01,8.202288868193295668e-02,-6.075659010948093464e-01,-2.375406946987513312e-01,-2.734836905370572821e-02,2.857846258480362112e-01,1.300696165273140248e-01,-5.495734146349184890e-02,-5.476870114434916059e-02,2.764080518675655629e-01,-6.259271927693700333e-01,3.354520855619506081e-01,1.372067254352576926e-01,-1.001211327582583049e-01,1.239219069762913759e-02,3.816195068970897660e-03,2.346250892578624903e-01,-3.341242911866038612e-01,-1.353130979554582891e-01,4.679606180841425211e-01,1.977083285883156905e-01
2.617613554660531694e-01,2.316285218678028057e-01,-2.640511783856961184e-02,3.448158893508543876e-01,-1.100765333878533092e-01,-3.251500370296194764e-01,-3.105162353443731704e-01,-7.836973088683833397e-03,1.455794962204183529e-01,2.579511096425445293e-01,1.221625261980363933e-02,-1.748880829429589334e-01,2.140437326612444971e-02,5.106440674773449206e-02,6.336729854301202669e-02,9.262441603816558289e-02,-1.065023686179838169e-01,8.227395247755875038e-03,2.856442573479313352e-02,-9.846666596982776853e-02,-4.596490983182227597e-02,-3.545382533239378048e-02,-3.741044646835554599e-01,-1.648859102513732522e-01,-1.346845372949745656e-01,-1.205706091461639234e-01,1.714352863649971350e-03,2.535508867358911636e-02,3.959874607397009805e-01,4.877212651593233056e-02,1.114748010938171330e-01,-8.925302401213518200e-02,1.929226684917344781e-01,-1.548829413942493516e-01,2.847284115344964617e-01,1.646199094310180633e-01,-2.224453806142961398e-01,1.180949978008487000e-01,-6.541664479977267466e-02,-5.226688099478080107e-02,-3.585660444261158930e-01,5.875005054671731536e-02,-2.368280741204916925e-02,2.980322773881740033e-03,-1.577139276041315541e-01,-2.325067072875269536e-01,2.506078645169445007e-01,-1.751434687880868424e-01,3.398913553631967288e-02,2.268972079785470941e-01
3.101465002067409493e-01,1.685802134900811211e-01,-3.165395790985829905e-01,3.498172189724490372e-02,9.710618013805852322e-02,6.689433351366763647e-02,-2.416270299569278912e-01,-1.982522874136738097e-02,1.770399023271254646e-01,3.822908069054855029e-01,1.111895163107181062e-01,2.585381111649645569e-01,-6.260605055757886839e-02,7.445232147792053834e-02,-3.344578365728665958e-01,1.037981805605165536e-01,1.082871638775968759e-02,-1.187979830314270513e-01,-2.148723055717805253e-01,2.967421573709016491e-01,5.680060651001893612e-01,3.020942439188727402e-01,-1.699418077428637153e-01,7.837678804724962367e-02,1.681469826559286451e-01,-1.567683018168908315e-01,-2.928631029354089033e-01,3.918884579507000282e-02,2.775111339396799659e-01,1.820719446836036037e-01,-1.681673406560596495e-01,2.857885787607870598e-01,-9.955130476597270905e-02,4.680804565018083507e-01,1.531917610783453676e-01,4.655898074104328037e-03,6.224232758709249969e-02,1.529160936808766913e-01,-1.728495810187599679e-01,-3.956085742823331475e-02,-2.601818789079864414e-01,-1.513514925037680869e-01,1.159732995064856054e-01,-3.068065408200226774e-01,8.517410571770765715e-02,7.960375024447770287e-02,3.127689512978189951e-02,-3.925550653550585189e-01,-3.746195096363460486e-01,-3.901705442201374580e-02
5.128813528580022235e-02,-2.748612302677970742e-01,5.616068400970931906e-03,-4.688756616982087816e-02,-1.941524777017114012e-01,-1.194640666137284229e-01,-1.312860920094729711e-01,1.792360100424736369e-01,5.007572680138673571e-02,8.374331359562067756e-02,5.480161235232513389e-02,-1.528471286799333029e-01,-9.728236313936099167e-02,2.322178020058964787e-01,3.920740077643690147e-01,4.767919956412547400e-01,-3.551091209502047485e-01,1.625338488416586402e-01,7.022617140401928026e-02,-1.164459638243049433e-01,-1.061316033819557497e-01,-1.779564809195305630e-01,-1.676859123981269406e-01,1.735884070081252506e-01,-1.026659459082417958e-01,8.814346297056527280e-02,-3.439636125212202633e-01,7.510540929652818887e-02,-1.772377143997819204e-01,-1.888875835467460074e-01,-3.304798962225242165e-01,2.532780665023250388e-01,-2.293580639721532199e-01,-6.949196299683962907e-02,1.164807253109435836e-01,-9.865841574196899944e-02,2.817880970021688358e-02,-2.185256594469729419e-01,4.195609083364245095e-01,-1.839808136288277052e-01,-5.513852249225442703e-01,-1.014770057925329649e-01,-2.148993564186474914e-01,2.865100925903201201e-01,7.258142505982141668e-02,3.351632300742491966e-01,3.816054884538793157e-01,1.794363160975808447e-01,3.233826080836612465e-02,1.248882456455452095e-01
-7.847082414842622422e-02,-6.928964501866968773e-02,8.104819692958291355e-02,-2.224771384152457801e-02,1.505666312684068309e-01,-8.314220122563896476e-02,1.600828097928414240e-01,1.482356968686331100e-01,5.530774910339786993e-02,-1.482354197723248501e-01,2.721560965477757277e-01,-1.737091610605087377e-01,2.448163574176419333e-02,1.951386104927113896e-01,1.092173954466193336e-02,1.365367912431559028e-01,-2.877871526460679674e-01,-1.806736128266565045e-01,-4.382348283097918518e-02,-1.252133740901463232e-01,9.706329646706167436e-02,1.631649701110317319e-01,3.377197909681862176e-01,1.035234758634076546e-01,2.042963210048600112e-02,9.521375674684841306e-03,2.385894556241780970e-02,-8.321655480003428695e-02,-1.073943067643059190e-01,-4.822014924641966904e-01,-3.516327678537377044e-01,7.607694985151931301e-03,2.391377079083296664e-01,-2.135566531437386451e-01,-7.065201673934008719e-02,1.305390592103205238e-01,4.399719814179035848e-02,5.509282206821497496e-02,-8.838169138808316116e-02,3.537250573234986817e-01,-7.231603346639506325e-02,-2.142277406207555857e-01,1.400706856814748491e-01,-6.297463656589107062e-02,-3.938902288417514552e-01,9.820907993570819616e-02,2.749973592535122635e-01,5.003426178475096214e-02,2.368736397340485966e-02,1.304612216880864095e-01
-3.131280221182533574e-02,-6.861038007337387501e-02,-7.857147221343944998e-02,6.094105270938238693e-03,1.294985133176972392e-01,-1.008238047899576995e-01,-1.988498327433731727e-01,9.932470730577184354e-03,-9.732467586201015708e-02,2.302963069047642142e-01,-1.656446599412568776e-01,1.026939907210566438e-01,-1.789349325061860840e-01,-2.150868626127895311e-01,4.746785601715523828e-02,1.751030634515597373e-01,3.410132224216523844e-01,1.291068246189706545e-02,-4.344407171843105153e-02,7.157277546980951588e-02,1.252501163021855213e-01,4.113834130185318183e-01,9.450079643902196957e-02,1.294097260140446570e-01,4.545527432339423468e-01,-4.484893243587764755e-02,-5.273082960594906166e-02,-1.424747971084951437e-01,6.282377786335960335e-03,2.239429921310235466e-02,-1.457600056202126293e-01,7.406660941352803673e-02,-2.814153455156921391e-01,-7.334453615745974153e-02,-1.132989270076752569e-01,-4.548136417239836971e-02,-1.240365504105345879e-01,-3.392519717113604005e-01,1.412100351986625701e-01,2.121084699568762943e-01,9.075829311399262467e-02,2.828194722248907889e-01,5.435110901239072201e-02,7.963450701983255942e-02,7.508493777055408325e-02,-1.082609470468502838e-01,2.427195396572479069e-01,-1.144751471233201728e-01,2.382641236573933008e-01,2.647103147730018105e-02
-9.980276363007468954e-02,5.087724758473997910e-02,-1.829656136977867442e-01,-6.120040465507776972e-02,5.732968096160906413e-02,1.765726659254339692e-01,8.645223663617211673e-02,-2.139104738529592487e-01,-3.009350626381191440e-01,2.941158557760674697e-01,-1.855174537455164807e-01,6.386571479059316436e-01,2.254273424334257980e-01,-3.850377661429238429e-02,-8.437565640719636717e-02,-1.289315146113673982e-01,3.623245107116550567e-01,-1.067560633198629400e-01,-5.363419827461336081e-02,6.411592034434622500e-02,1.850785335855382463e-01,1.906295157744129498e-01,1.169161616552207988e-01,-6.353159806785754760e-02,-3.084265527456610603e-02,3.977533716121398055e-01,5.557534205324725363e-02,7.711998965285417340e-02,6.687710302808516638e-02,2.087625797617202739e-01,-8.726030887804753222e-02,1.644364495180289931e-01,-1.649407974923192965e-01,-3.374337175802618466e-02,-8.530124252285287145e-02,-8.998562620404471080e-02,3.046944568173481915e-02,8.144521558837823638e-02,4.805982785661583323e-01,-1.733248109234022394e-01,-3.322615597845925833e-02,4.819097542238835463e-01,-1.745795525006869076e-01,4.791184799773552661e-02,-3.466394393478149372e-01,4.467118093904449971e-02,1.793306221210835549e-01,-5.494221289935248553e-02,-1.595436306196086063e-01,-1.052826981456787825e-01
2.497780572657269382e-01,4.761913094905255162e-01,-4.437006095167824182e-01,9.803946729864847220e-02,-3.287829405586384923e-01,-1.753246216366483382e-02,-6.343725921971672677e-02,2.289747229467422318e-01,-2.340852210725315186e-01,-1.332470303042596338e-01,-2.347883353199637646e-01,4.955247194205858463e-01,4.199732659052200084e-02,-6.863978180429217146e-02,-1.066573095813106754e-02,-1.930701826557286171e-01,4.619066131201465808e-01,-4.120533890342669148e-01,-2.188846215952299779e-01,-1.879959231778417783e-01,-1.317446720287297583e-02,-2.644159879778897881e-01,1.639981319444860086e-01,-9.917722541470894160e-02,-4.467797449123425690e-02,6.833407966519472465e-02,-1.702954912124212405e-01,-2.434148745317139262e-01,-3.603483611616623700e-02,1.323146588246112976e-01,3.529964632649142398e-01,6.666452054986518605e-03,-1.198140275094011498e-01,6.925046516837903010e-02,1.169922837790550590e-01,-2.506852947051624869e-01,-2.819797168606585358e-01,6.606285902838003599e-02,-1.338535290076119655e-01,1.488742095855127290e-01,1.860336238872655141e-03,-2.066186291993035995e-01,1.314107631320095976e-02,2.007330440184415810e-01,3.358769533342270130e-01,3.111272553798355989e-01,-8.414391058892543851e-02,-2.795717188626612587e-02,-1.035572718460060632e-01,-8.521519295668159022e-02
3.469940326476084747e-01,-3.272426786394758702e-01,2.061335137978957399e-01,-1.071459173077557100e-02,-3.082035279348306900e-01,-6.541060263281069098e-02,-5.327698665295498015e-02,2.610085523967569862e-02,-1.429530209070717095e-01,3.789336279466282709e-01,-1.844057475559482961e-01,-8.036101838414884402e-02,-4.763295561775684334e-02,1.970275842089292406e-01,1.629501882095749643e-01,-3.606625658900051157e-01,1.987770938354573858e-01,2.787399814864161551e-01,2.306484078708413363e-02,1.701784579397294661e-02,3.824889277433217438e-02,7.671524604455293161e-02,-8.483556278751984425e-02,2.308468847565922910e-01,1.472574838888524029e-01,1.237552244335942686e-01,-1.764256380862573304e-01,-5.951461535485910725e-02,-2.379407756666347962e-01,5.617648439207841016e-02,-3.680187697986567544e-03,-1.806171530137351197e-03,-1.925496999484786476e-01,-2.324526255683220452e-02,1.620622716548070774e-01,-3.869804250331439488e-01,1.484950548093474064e-02,1.399938703838189136e-01,4.502532285373798959e-02,-1.682644956691698446e-01,8.908083342155070916e-02,-1.014888592301077946e-01,1.520175839273126550e-01,-3.361432757819931560e-01,8.674995185344558379e-02,2.110177934185698545e-01,5.958406363795425847e-02,-1.812204843699331547e-01,-1.433120904832509424e-01,6.034323873387626574e-02
-2.295191670595611300e-01,7.032783531572225910e-02,4.592003487619871621e-02,8.431791145217396380e-03,3.063662864607931136e-01,1.515397191511221042e-01,1.899294174394927648e-01,2.526312914767298579e-01,2.796860875564823323e-01,1.242647128674845801e-02,-2.061059651944970872e-01,-9.590760471717067748e-02,-1.186257974723662068e-01,-4.253190888576285911e-01,-1.716728506838563484e-01,1.431191064361451160e-01,2.130956600109550902e-01,-2.118069178241736850e-02,-1.989878009156820782e-01,1.829250226646850774e-01,1.785655917624383304e-02,5.859305226655734528e-02,-6.922883568512135100e-02,-1.010626461840080093e-01,1.896026160564027452e-01,-3.716824549165577141e-01,1.932424468843511184e-02,1.796687551814936112e-01,-8.848228928306327290e-02,1.223628543600225639e-02,1.746975695172209297e-01,-5.901040694245186791e-02,4.754052652083198827e-02,-8.574803607745989931e-02,8.698869801433598004e-02,-3.141083314470896060e-01,1.566275564223455485e-01,5.803363472666358408e-02,2.957842245858547381e-01,4.029929215124315039e-02,3.232451492319465269e-01,1.470040692214467093e-01,-1.301329393682550406e-01,3.185621449335607203e-01,2.349813900917938070e-02,-2.053302859653771961e-01,-1.306679375868818327e-01,-2.768790384868536347e-01,-1.108811552094830788e-01,-7.065142195127030456e-02
-1.247436038342995546e-01,-3.928243394797195087e-01,7.994077573074551135e-02,7.726864051755756579e-02,5.796611965685116025e-02,4.522442055815113077e-02,-3.496178466496752818e-02,8.710657664204257689e-02,2.122726926805228453e-01,-5.309985277730249961e-03,-3.235570875799073653e-01,-8.925710029458715222e-02,3.333288477873000422e-02,-1.301307878399492746e-01,-1.107435511789187088e-01,-6.494940747801646042e-02,-5.704188844611785686e-02,1.466729030213079488e-01,8.263764971133463755e-02,-8.257601329938661638e-02,2.011341995717479125e-01,-1.214686528125407811e-01,1.118432665078570969e-02,2.197910933332264116e-01,1.444832377695999537e-01,-5.734336007751984765e-02,-4.030503445471404489e-01,-1.285990879855572755e-01,-3.756332956964602426e-02,1.804286303033630912e-01,-2.102385062971492413e-01,5.780234163535957065e-02,-2.160850187307198911e-01,1.630257931636077684e-01,9.697242558093908948e-02,1.084786538899440850e-01,2.374220875091691552e-01,-1.167316881769479286e-01,-2.745984078296901942e-01,-6.218888869430225230e-02,-6.854883264367860052e-02,-1.036036747625810883e-01,-1.878944227504558695e-01,5.882618694177257218e-02,-1.666997402029956055e-01,3.694245852009419573e-01,-2.031283042539268335e-01,3.986007095975649395e-02,-2.229681469660420856e-01,1.705915135960771045e-01
-2.498651709452858749e-01,1.691780982342212802e-01,2.316304166529272457e-01,1.555974827428555779e-02,-1.436273342305244560e-01,-3.354493885656787966e-01,-1.140903488359742840e-01,-1.545907525442410772e-02,-5.243031697643771860e-01,1.228001329623054361e-01,3.322719826828691714e-01,-1.496747833005838690e-01,-3.003060154008235783e-01,-4.177122284701735577e-02,2.575160423870883064e-01,-6.991368973090508754e-02,1.722399273649051488e-01,1.852223942843205656e-02,-8.358534531837963355e-02,7.332848548223058760e-02,-9.790484102900125218e-02,-5.840165449703298498e-03,2.766099551298898951e-01,5.960395812906360558e-02,-1.265533117009957076e-01,7.042479555765700228e-02,3.302764755308778555e-01,-2.150592320346493280e-01,4.311808950879172236e-02,3.004796997469749154e-01,-1.069805777293446614e-01,2.642680837353563184e-01,3.079225940917132975e-01,-2.816853070096743683e-01,-1.464905833709037042e-01,-2.456219244692011416e-01,-7.456866768447351079e-02,-1.184341349182084224e-01,-3.518920427847742616e-01,3.752898465961634900e-02,-4.313386130070713809e-01,1.310654905838880280e-01,-1.695969670135596408e-01,2.238834475092880277e-02,-7.301468673754255012e-02,2.807313341741971696e-02,-1.540825074389490790e-01,-4.209834746724242516e-01,-7.743183374505176186e-02,-8.331778701460376690e-02
-4.806033859537459790e-02,-9.461035478782965635e-02,-1.374209686224369953e-01,2.720515156766510276e-02,-1.762829095572238380e-01,1.832442708764588923e-01,-9.357380330774757449e-02,-2.595294841927483012e-02,2.714476672621848330e-01,1.140768925296492515e-04,3.171605169961763671e-01,-4.065269416097846422e-01,-4.522775462855169737e-01,-1.247118734948672175e-01,3.498161700988551281e-01,-1.427056036956308137e-02,1.202217781835450833e-01,1.016333526233415691e-02,3.051140219905496553e-01,2.433214313569248277e-01,-2.990911402311732803e-02,6.808525760889323937e-03,5.110555550977662342e-01,2.344431941911554740e-01,-1.957046163441463482e-01,5.865189468919544680e-02,-1.742743693156353357e-01,-1.965130147331137500e-01,-5.724714136415903765e-02,2.295455969295314147e-01,-3.370304452762734049e-01,-1.060268889466946668e-01,-1.338698961894004003e-01,-5.913485666588710332e-01,-2.990627431515990864e-01,5.035956193805510989e-02,-3.326915025365790451e-02,-1.107946463641538842e-01,3.265148786870565589e-02,-1.429148775291426698e-01,-3.836457505448813421e-02,7.787796929251496192e-02,2.127768403564753164e-01,2.023008445781173878e-02,-1.638552404075980240e-01,-1.611294719044037982e-01,2.829908630462780739e-01,-2.096988844563706655e-01,-1.550713791061361091e-01,-7.872988397152391737e-02
5.418932142091993365e-01,-1.778128150928351969e-01,-2.610612651062751421e-01,2.016572499755637810e-03,2.488860090173924400e-01,-1.912975802344343487e-02,-4.516964181771613851e-01,-1.369933917548980529e-01,2.275778006823288013e-01,-2.330331715899333911e-01,1.899441834930287176e-01,-1.877775056492191896e-01,1.994561826323630049e-01,7.422556388498720292e-02,1.668597638746737444e-01,-2.132570604226752820e-01,-1.802591703351389685e-01,-1.900027978683019036e-01,-2.045237101565007265e-01,2.375914447829055587e-01,-2.482508776257607297e-01,3.008743019092161575e-01,-2.132106762442845527e-01,-8.701658364748375563e-02,-1.200364667661033002e-01,-9.130629819842410455e-02,-3.906997929711004680e-01,-1.169301698038674592e-01,1.167346792156368912e-01,-1.996045767358564094e-01,-1.690341108206670773e-01,4.068853296398665387e-02,3.200140971018938102e-02,3.766262391941901932e-01,-3.722680848478542859e-01,-4.080064191788690398e-01,-5.571851926049751352e-02,-8.658577779246331985e-02,8.379639782475822862e-02,-3.093306698554927348e-01,3.202271225874011584e-01,2.505531056228805231e-01,-5.437090215084686706e-01,-9.503526152936746241e-02,3.831952836216551694e-01,-1.799572245976760188e-01,1.393815224833157007e-01,-2.044778629688588367e-01,2.322157757215650986e-01,5.589998790899439792e-04
-1.035857706336983514e-01,1.638319635970416077e-01,-1.832851235850244953e-01,9.203188935471415255e-02,1.739479702894883018e-01,-1.030211254715635710e-01,-1.967641995937118304e-01,-2.023862967342792418e-01,-5.713525048197742873e-01,-1.289078574110424091e-01,3.518946838522173937e-01,4.914914342204167175e-02,-1.786323416572481448e-01,-3.138569897030518696e-01,-4.204300209520518972e-01,-1.357590212045718669e-01,1.638059828088761841e-02,2.974949154902372106e-01,-4.109382945460922087e-01,-8.839936982119227585e-03,2.342042364260084331e-01,2.219587908821898381e-01,-2.848139417805564122e-01,-2.470388490977267759e-01,1.263989878241105203e-01,1.619726179578856798e-02,-3.104290937288533558e-01,1.432550128262914668e-01,7.187689148285709810e-03,8.353065592089323199e-02,2.334438897422756731e-02,-6.138371383560638217e-02,3.478114909105043395e-01,1.066647855215264139e-02,1.003382851040699082e-02,2.139071381465178778e-01,-5.280259322842616454e-01,2.830954403669709296e-01,3.878552020313137949e-01,-2.081685720530252193e-01,-1.901557598625057688e-01,5.873168584667918905e-03,3.300686357889388578e-01,-2.884760790399985148e-02,3.560399362885383612e-01,-1.303787443651993061e-01,1.593091195243810376e-01,2.481351566355677329e-01,3.084864968030479604e-01,-9.291134462610570188e-02
8.443774216429622559e-02,-8.663645702633389345e-02,-4.182520900344760539e-02,-1.880553568988865554e-01,4.773233207949283824e-02,4.083567694400334069e-01,-2.578697718092127777e-01,5.603105507719371298e-02,-1.156930981063132163e-01,1.882589578617639703e-01,-9.787306157697832354e-02,1.761009079934667265e-01,2.415652668983057916e-02,1.457074344105676322e-01,-4.771032315019946290e-01,-2.136903840681825539e-01,-1.831438804680076693e-01,2.482308588508006300e-02,-5.692159494962838462e-01,3.721385753519709239e-01,3.208402590581818092e-01,1.545755000922129918e-01,-1.399686438965405122e-01,6.359627024273241391e-02,-1.405329161034010212e-02,1.565296669149056352e-01,-1.825506607246758783e-01,-6.038900465997180250e-02,-2.269572931002433458e-01,-9.501195970493593601e-02,-2.355888692092295358e-02,-9.982398529408534338e-02,7.211779093478841440e-02,1.035165879607946177e-01,-1.233068121463450628e-01,5.383331182536273130e-02,1.291853865102534360e-01,-9.402285200820509337e-02,5.191439578770217639e-02,-2.572238628142023975e-01,-6.518153755504497993e-02,8.408886874266852107e-02,-3.107785449095739061e-01,4.797447949205817935e-02,-7.636080712751479316e-02,-2.092620701604133993e-01,-2.244907903396941573e-01,-1.222324801825530466e-01,-2.837520085957584773e-02,-1.468144482302182197e-01
-2.073811868919340773e-01,2.743304014727164786e-01,8.941148316860826964e-03,2.057376871785989714e-01,-1.869125957004698635e-01,-3.390327311343953043e-01,-6.592628123232122106e-02,-1.063795231852112805e-01,1.306900455690172269e-01,-1.883607666670006342e-01,2.157792971531996562e-01,5.547573232609025184e-02,-2.527895545236510250e-02,1.140011897245149786e-01,-1.419721573466844744e-01,-2.495111217511302229e-02,-2.679870913391491777e-02,1.504248034036023696e-01,-3.902615416832790757e-02,-4.046977661213403965e-01,5.125869393743619912e-02,-4.666128873370422453e-02,7.094148769922151848e-03,-1.612212208245131229e-02,-2.080957649482284566e-01,-2.312496928163834398e-01,4.724357686459428052e-02,4.767856297564389279e-02,2.333029917799081254e-01,-8.509374155071525170e-02,2.673063214931363230e-01,-1.722216044207647290e-01,-9.593835493554608851e-02,9.225691067530118750e-02,7.740781726223884551e-02,2.362479739919434718e-01,-1.703979783434579620e-02,2.881214044545879482e-01,-2.299104195894673131e-01,4.895019080613753903e-01,4.895051634563691439e-02,2.251704658006584425e-01,2.677430399169211661e-01,9.595283322792376446e-02,1.396863941793294872e-01,-4.491137072619889037e-01,-2.741766615741408897e-01,-1.833807150054386770e-01,-7.373304877442986294e-02,2.973783603005463946e-02
-2.006018870131447418e-01,-1.827771726225957127e-01,6.786882137912317314e-02,2.863072338054704815e-03,-1.409394307252768708e-01,1.116114803896180174e-01,2.594077270257398871e-01,1.945820319214854044e-01,-8.737525297589691931e-02,8.978505594820135327e-02,-1.739531433886091216e-01,-3.108664888703673856e-01,-1.485018105637752883e-01,1.535833244169130529e-01,2.112583388280941110e-01,-1.594221572151210686e-01,1.411453419899387218e-01,-1.575266643557448887e-01,1.423939412535609461e-01,1.536784862947916663e-01,-1.150096432817442477e-01,3.890818277636198808e-01,3.637538712613280767e-01,1.032234795200946131e-01,3.015929836734588809e-01,-1.554015013109610599e-01,6.123938600223625267e-02,-4.124744068562841148e-02,1.643887707206529158e-01,3.955943408501753633e-01,1.667625040718993257e-01,-1.022817958369915542e-01,-1.415982100167711422e-01,-7.683567807954252982e-02,-3.230121385995397831e-02,6.395847530002066184e-02,1.229429126842070674e-01,4.141887579334674330e-02,1.929390406460406437e-01,-7.852386551747543575e-02,-7.982130393014447850e-03,-2.358461684657522095e-01,-4.933367286674280039e-01,-1.642249527648702301e-01,9.095517115465316660e-02,1.472207317054814169e-01,2.404780866532286454e-01,-1.223796659840625974e-02,2.008320836141340437e-02,-4.586906666582347275e-02
-1.082935780262096748e-01,-7.600998245576809365e-02,-8.692147990077915554e-02,7.649981338306426071e-02,-3.332103865213131288e-01,-4.325101140859518023e-01,2.261038823586499213e-01,-1.276883563358765239e-01,4.309659043874772277e-01,9.875510546714630356e-02,-1.887767091863217228e-01,9.785043674134409619e-02,-2.958673431906260198e-01,1.638047294803616216e-01,4.856125328543058894e-01,-1.114349597846768375e-01,3.680624313250545621e-01,-9.373316126845121499e-02,4.551426131027423438e-01,9.842388021136082299e-02,-3.909825536943364876e-02,-7.905019474403419955e-02,-1.010044182515146410e-01,-2.791016559055447058e-02,3.084472980011957258e-02,-1.564779432089516975e-01,-2.451350763475108330e-01,2.064119578176022429e-01,3.052693699114614745e-01,1.137906675633631876e-01,-5.154599243024429039e-02,7.169820291545507540e-02,8.164110805681901173e-02,2.326182730059921100e-01,-2.188497771015637527e-01,3.000479561037633358e-01,8.159930975766095662e-02,2.818791378265463332e-01,6.842292928433840044e-03,7.101470118556511835e-02,-2.600483472425009768e-01,-1.138282197597050294e-01,-1.726994211264355761e-01,-2.021828669947982327e-02,-1.713220995929735646e-01,-1.625040377925167090e-01,1.480488439893027641e-01,-3.470053731240766437e-01,2.375482256745508614e-01,3.573890726779535565e-01
-8.649460838887616798e-02,1.034963572706136536e-01,3.578434550536248038e-01,2.437037599947121380e-01,1.957082066593227310e-01,5.826407701954224028e-02,-1.060840892935999424e-01,-1.749320334989750703e-01,-2.454752585413281368e-02,6.057696380229354860e-02,-2.333282131573921336e-01,1.021872487073914072e-02,2.219925792348122762e-01,-1.228690862980366394e-01,-2.770339442315096490e-02,-1.991880747383004413e-01,5.869500053496405634e-02,2.100916217855542945e-01,-8.792792263373878925e-02,1.510388474607178011e-01,-3.401081955745776098e-01,-1.807227631307414262e-01,7.677024926160475049e-02,2.046778580316070961e-01,3.040029300387237995e-02,7.074650956405324764e-02,-1.106438243738861182e-01,-1.518512927215799335e-01,4.205494782973933643e-01,1.426547820053484239e-01,-8.917572418619625074e-02,1.884817937258610188e-01,-8.946884160557315446e-02,1.763776649561573651e-01,1.262290926174894357e-02,-2.021263330516887002e-01,8.326553139413415960e-02,1.091348809004021592e-01,-3.504650263015018918e-01,1.546017984043102089e-01,1.518521688846737883e-01,-3.928461478153264658e-02,1.206124165342968707e-01,1.594645634308868298e-01,5.075442667361408644e-02,2.176202408262090937e-01,4.704961172965043681e-01,-1.729978408204972673e-01,1.084374996449011808e-01,-2.812996995824683655e-01
2.221993032450417238e-01,-5.212649203908089474e-02,1.411470356082033251e-01,5.295631788624129838e-02,-1.732534005820393075e-01,1.855783310181834678e-01,-4.085584391793689041e-01,2.282611871676672177e-01,3.187721614122603353e-01,-1.073766439067013745e-01,1.525021798209915402e-01,-2.172190275283159555e-01,3.808725139357451717e-01,2.250874691699571717e-01,-1.042763324562234750e-01,-7.941662243497243923e-02,1.711209807467270472e-01,-4.121750683997023323e-02,3.645364209338263217e-01,7.594686007511426695e-02,2.550957807738434280e-01,-2.013248949144993694e-01,3.214835946407360590e-01,-6.809858621642327081e-02,3.357550756651973556e-01,-2.157863991647719915e-01,1.122731129851658044e-01,-3.707649264100274511e-01,2.252671227771245108e-02,-1.730102745764652561e-01,-9.156387358065121163e-02,-3.001528655881057633e-02,2.757999337736453116e-01,3.424013875069876756e-01,-2.328721104309302292e-01,1.856067018920719847e-01,-5.117527012517034818e-02,-2.407596038461543575e-01,4.207351184628927571e-02,4.252792442500618469e-02,1.592634160214850547e-01,2.406772193287672335e-01,-1.431595123849050133e-01,-1.565348995722790418e-02,-5.282337241213089923e-02,1.436095163077039383e-01,-7.928793758378896439e-02,-2.488546206565250482e-02,6.105707178627296783e-02,-1.612541448991069437e-01
4.522773838835196236e-01,-3.252330216928658313e-01,2.589455884334809777e-01,9.342915351829167436e-02,2.142589885871618027e-01,-5.590527960598024731e-02,-1.635214175648810886e-01,-3.693427825524133179e-01,-8.764409120203934395e-03,-1.462125389859018909e-01,-1.739792408275657176e-01,-3.416772951896479560e-01,3.750686863505418578e-01,-4.491313537527282657e-02,4.511416603746652432e-01,3.593591483183668223e-02,2.657318342109103448e-01,-1.674190220084271208e-01,-3.750373570874324658e-01,-1.843197708963106862e-02,-2.892974056640194025e-01,-4.019998908797435544e-02,2.883036823664908432e-01,3.602286931627748379e-01,-2.562094504558644070e-01,-8.432045239783554635e-02,1.409760940862164746e-01,2.861900737000468431e-01,6.278574182240936885e-02,-1.459752571562449378e-02,-8.962806082297877786e-02,8.014755554350284916e-02,1.002798148345317580e-01,-1.489435774646630517e-01,4.693425139548073471e-02,-6.106854759193004051e-02,-4.386006070812760727e-01,-5.174036549442172922e-02,-1.360789769737558719e-01,-2.640799815361642433e-01,-8.682559508276220528e-02,3.173863287716986031e-02,4.134351139372431372e-01,-1.652716796019111298e-02,2.424028639778526110e-03,2.167390802086342771e-01,2.075799923231490540e-01,1.785743733656441901e-01,1.182922911325184068e-01,4.707672048636032253e-02
