-3.173183320061354618e-01,-2.638825401229650813e-01,-2.931452666919380778e-01,-1.165730252471880030e-01,-2.776556761433419604e-02,2.475099082754992907e-01,1.021575084522243354e-01,1.357241329114055317e-01,8.768244069467923119e-02,-2.056215244193277392e-01,-8.727751504877895306e-02,-1.586766867352065388e-02,2.352331814959914835e-01,-4.786982466992459849e-03,1.451721645601342092e-01,2.604960565852762130e-03,-4.516985684703085646e-02,-3.404881397419933231e-01,-1.101939923170036917e-01,1.119898557628507402e-01,-1.589331779918911614e-01,1.496711116561264265e-01,-2.195709500252112645e-01,-5.630361125007000284e-02,-7.092368595260116482e-02,8.058071506387913530e-02,1.277088680427499179e-01,-1.693379888716602388e-01,-2.154927034379689743e-01,-1.708388227290391914e-01,6.159651772612220050e-02,7.380952346078518966e-02,3.812361637528549618e-01,-1.377930661720836170e-01,-2.919482022154594111e-02,3.242936120689118296e-01,-4.222801621002088973e-02,8.512518506253156925e-02,-2.167380911236739538e-01,-9.162338725231089498e-02,-1.534522339925537271e-01,6.611616435963701965e-02,-4.648578233593370079e-02,1.544557434912464666e-01,-2.178539868962866277e-01,-2.482577043319212917e-01,2.772356091682745202e-02,9.089356775249561593e-02,-1.859187761712147863e-02,9.030297468241759232e-03
-8.541890287339747034e-02,-1.333313931823429666e-01,1.430483894094267128e-01,-1.303569914841468391e-01,1.048659074036975142e-01,2.027842849326064734e-01,2.998257130179310948e-01,1.564413545966645558e-01,6.075530775683185558e-02,-5.010532706730441016e-02,-3.633617286637579324e-01,3.152797503625333429e-03,7.773939811319598159e-02,-1.786401078287915348e-02,-3.321415533817043686e-01,-1.827677266704759995e-01,-7.483042725358474145e-02,-9.539095822280321130e-03,-2.544218734954274419e-01,-6.142223060039078003e-02,1.893879699370044356e-01,3.869380078750615792e-02,3.427779722037032073e-01,-1.183008124070952446e-02,-1.285452753586946162e-01,1.504080881202543019e-01,2.826235533985171910e-01,2.139174388091075879e-02,5.762286471227660856e-02,6.291655051312707025e-02,1.271119505533971072e-01,-4.828230636017218774e-02,-7.499653728345100079e-02,-2.304415728130329855e-01,1.502422091687239392e-01,2.321231394618103808e-02,1.596829607354056102e-01,1.766064196921091345e-01,-2.692053477439443898e-01,3.704175851355418631e-02,-1.122389637516661570e-01,7.617701053981186521e-02,5.907612695476559539e-01,-1.960013591767171548e-01,-2.212983926026196591e-01,-1.759868325679787848e-01,1.192032496240004180e-01,5.952415760265815647e-01,6.568930135635457634e-02,8.529103459438218404e-02
-1.653189671263034788e-01,-1.750735549752525100e-01,7.982546961152771348e-02,1.282395041291858051e-01,3.548248805259443701e-03,1.833250447482637213e-01,-9.926927677719032950e-02,-1.609723724290326730e-01,-2.814068430461024936e-02,-1.638147575161003067e-01,-2.950367468879850352e-01,7.365999692304457669e-02,8.018061257558650734e-02,-1.782444075776812853e-01,-9.627477332631043105e-02,9.248689803165167922e-02,-2.752370345530422702e-01,4.220773273023038785e-02,2.427611494277155668e-01,-2.065471565922681052e-01,-2.607709987033540733e-02,-2.875823276007114515e-01,-9.953220914817483000e-02,-1.502366407085437283e-01,1.576247685649070640e-01,3.147234739295317052e-01,-2.164535783401112523e-01,3.773177390873066472e-01,-9.665011418200998572e-02,-5.024079656971526531e-02,-7.781735663700080352e-02,-5.222117671859069499e-02,4.264332497124633803e-01,1.259030087967989153e-01,-1.028574031169351699e-01,-1.651358453427102246e-01,1.880067574495050409e-01,-2.418889179671874223e-01,-2.717315015031956937e-01,-7.260970977323813295e-03,-3.248758591375853766e-01,-7.884898889721861370e-02,2.361342308491114206e-01,-6.512882202105044205e-02,-2.448112053745107874e-01,-4.578324497422563422e-01,3.573076307529894635e-02,-1.995500267281569984e-01,1.657712379597711394e-01,4.929468717392749416e-02
-2.461439089280504644e-01,-2.136717420910069776e-01,5.804267841421829888e-02,-3.080685437143257030e-02,6.730706519790419229e-02,1.049047963200300804e-01,1.497243299826069574e-01,4.385521394527745059e-02,-4.812877167809868628e-01,4.368147602338741109e-01,-1.798960944683281327e-01,-2.318885485142415936e-01,2.354606614713575241e-01,-3.661408736000481418e-02,-2.815807686605127369e-01,1.141631547812260450e-01,8.338444935964417493e-02,5.772508297313669323e-02,4.687815850273305968e-02,-2.979687513315225633e-01,-8.292265327003606190e-02,3.949513505419620096e-01,1.062525080150228951e-01,1.729799887324508789e-01,-2.007558906825584744e-01,4.364465460183516998e-01,-3.015562991561523964e-01,3.771955045964510422e-02,-3.868905968593154276e-01,-9.368997019051245045e-02,-1.547384609826747415e-01,-3.007030865744266673e-02,-1.148357857314257213e-01,2.944855922208872157e-01,-4.709377118568823517e-02,2.239425717007164363e-01,2.549789726577652016e-01,-4.477227262940942920e-02,7.643100429450976063e-02,1.337859585651192118e-01,-2.654133721756303799e-01,1.944121644711880592e-01,-1.613698405680357995e-01,-9.840665859476037391e-02,3.609539898127702151e-01,1.213458326537435045e-01,4.839369317270875714e-01,-3.751561468864753057e-02,-3.452766006008022304e-01,-3.260469386596631658e-01
1.032601725297334488e-01,-9.416708098964344511e-04,-2.058974084079842060e-01,2.220180837422208731e-02,2.920065835223727979e-01,9.308070512545532638e-02,7.128142960536494599e-02,-1.542893117294550365e-01,-5.460097448135182996e-02,-1.691051971380490293e-01,1.523849288425355442e-01,2.012197953732733913e-01,-2.185076805129956001e-01,-8.711723951479186101e-02,1.557997229962728991e-01,2.536856058909916500e-01,3.328657421755993329e-01,-6.178712974920474998e-02,2.054959127200396141e-01,9.529416864630916098e-03,2.151528780047329559e-01,1.840325933448718572e-03,-9.451685004259552381e-03,-3.053145687097878758e-02,-1.820713519664541868e-01,7.619679341789320492e-02,-1.159910420383599393e-02,1.287570037171591741e-01,2.716135773702632039e-01,4.428508334156276982e-01,-2.531790981944973679e-02,-3.826888122140215120e-02,-5.966254903721119468e-02,-1.752291663044998338e-01,2.442640891873698594e-02,-2.812726849723332090e-01,-3.109321670189469922e-01,-3.185939456445656404e-02,4.936644664450748898e-01,1.431430671178187120e-01,7.548463129596987009e-02,4.031784099814608724e-01,-1.748727271243920856e-01,2.711712525657554718e-01,3.531500631702212400e-01,-4.254404115444224838e-02,-4.782767081509025076e-01,1.277239837786740551e-01,9.014140835861571277e-02,2.659963938725290467e-01
-2.714719612757797093e-02,1.071427475991097306e-01,-5.194535658106368137e-02,-1.858647949072529393e-01,1.900278271156214394e-01,-8.477443009249585604e-02,7.423865026340970008e-02,5.105369493093242506e-02,-7.719742340426387350e-02,-7.432793872099534294e-02,5.193916273225978042e-01,1.437059725619206363e-01,-1.436442074820222237e-01,-4.032143002988196057e-01,1.016820562520899807e-01,1.954176906567402228e-01,-1.111977916175672376e-01,3.751420587558118580e-02,-1.952073429765620594e-01,2.007565689507102499e-02,-5.716632650582920833e-02,2.104826984380224128e-02,-4.212115144720716686e-01,-2.743739986241184869e-01,-1.545113624956351017e-01,-2.693174759588988221e-01,2.426882145546789826e-01,2.283209892244782713e-01,9.663076346482059320e-02,2.646282102386668944e-01,-2.247608740776711189e-01,-4.327434559314911194e-02,-6.875264422533843012e-02,-1.117372231498388879e-01,-2.689514682659485123e-01,-4.316931134469429443e-01,-1.413642774520148804e-01,3.104130967984051748e-01,-3.078390800248247960e-01,-1.667880551969846276e-02,-4.679257622280195983e-02,-2.086002420127534562e-01,1.624867026949715076e-01,-1.213428134293654398e-01,5.925365292211338675e-01,-3.462602927049006074e-01,1.209782466314784782e-01,-1.006141672466192155e-01,1.909814670038275930e-01,-2.431607351989451271e-01
-1.843249287573359152e-01,-3.488203131997731354e-01,-1.663217024591229498e-01,2.282756356711682366e-01,-1.849986842525233877e-01,3.088662456343653773e-01,2.397147152733488384e-01,-1.150164020302024415e-01,1.306368874231411681e-01,1.198026536046508661e-01,-2.865719782821492256e-02,-2.159566589395924552e-01,2.215505634207595165e-01,-1.885971661217907686e-02,1.007843660850594597e-01,-2.227702959963498153e-01,-1.808186811978235442e-01,-4.381610881912074290e-02,-1.502483544330066589e-01,1.031751950976045745e-01,-1.417654342155885427e-01,1.083145375998265519e-01,5.965871711458979598e-02,2.705879734849581456e-02,-4.394375752518772660e-02,1.248210202770032307e-01,-8.385911430669085176e-02,1.571655453281024517e-01,3.234730760571413039e-02,3.230372043651191238e-01,1.409632324288163374e-01,-2.400024211445181133e-01,-2.410397629633280747e-01,-7.933137306389748122e-02,-2.143772294580848781e-01,-1.465423392114239415e-02,4.322731180096894138e-02,2.766756600759851525e-01,1.861457729779980863e-01,1.971407554538079088e-01,-5.419212874441677041e-02,2.513550173073311189e-01,-2.285270994973156722e-01,-3.338180198441268592e-02,2.176884777673705751e-02,9.356618590597447216e-02,-2.448773094559090480e-01,4.022342143565019734e-01,-7.817479595694425132e-02,-1.483308497210813481e-01
-1.033025799766691122e-01,-2.065316670552330147e-01,-2.607069514171643787e-01,-4.008428436623123203e-01,-5.755867009509178789e-02,4.802174040030317559e-01,7.909898396085311700e-02,2.222493102354363148e-01,-4.389004933816420539e-02,-1.667998849602082556e-01,1.113211473874654994e-01,1.519712134622073774e-01,-4.294164460548564044e-01,-2.096476846380646367e-02,-4.633595976617905232e-01,-1.655357501752703353e-01,-4.905556028140217184e-01,6.502224152867180917e-02,-2.984782517104399013e-01,6.918256498142834332e-02,4.414692695663308825e-02,-1.411455786094448772e-01,-9.108071530866122811e-02,6.370673726613293453e-02,-4.314541907735033877e-02,-4.032178418353794536e-01,-1.364062179942871211e-01,-1.330436577033744239e-01,1.959197466399879017e-01,-6.293416398363095576e-02,1.586849099179035716e-01,-4.214004757369961551e-02,5.152754066761941476e-02,-4.496171526937934870e-01,-1.251197863939995658e-01,3.257192909838725892e-01,1.923770360941851609e-01,1.628908463082430758e-01,9.771129752975676874e-02,-3.431095966378535089e-01,2.999966689198931349e-02,1.809710619224765837e-01,4.319409664662962056e-01,-3.067509498472529295e-01,4.086279661655945264e-03,2.957853084168568514e-01,-8.792782484840239166e-02,-1.162530084694890914e-01,6.821037175255105500e-02,-3.891559888119936472e-01
-1.919703664216431543e-02,-2.887197646605206558e-02,-3.042153653213955367e-01,-7.024453964871214817e-02,1.535397675245243343e-01,-7.629149095081802501e-02,-1.390274052105217317e-01,3.165438701987478565e-01,-1.668964387649648703e-02,1.542764031085942485e-03,-1.427705350899053094e-01,-1.958553897118355536e-01,2.927726264030129921e-01,-9.527801532106111582e-02,-1.196553815830775358e-01,-4.840652774818836601e-01,2.054292299653673048e-01,-1.890026273834622128e-01,2.565871698770157416e-01,-3.688111639740294656e-01,-3.716538322597212618e-01,4.152979963178542455e-01,-1.004146535921416616e-01,-1.866479534126603279e-01,-2.912531515938584503e-01,-5.845324415688878117e-02,4.379391615682337591e-02,-1.252758411692164731e-01,1.512889144934367602e-01,-3.708769101880259877e-01,3.296607546797005739e-01,-4.448663808036106282e-01,5.437327056548076909e-01,4.484222097595347116e-03,-2.501128630545635945e-01,1.715597806698648531e-01,8.992878617548862030e-03,1.358199860428969674e-01,1.257568404693809871e-01,-3.936112252218804293e-03,-9.924384183363409162e-02,1.933302681458805294e-01,6.863704645323077946e-02,1.013991953108087651e-01,-8.263718058613338246e-02,1.257196848383750343e-01,5.191594590193873010e-02,-2.806503027402305617e-01,-2.144623110816718664e-02,-4.094575466123351326e-01
1.893392827629934438e-01,-1.636424709600505789e-01,4.297269434099229568e-01,-6.438513555256874209e-03,2.022437113870621805e-01,-2.935090622237562438e-02,-1.156197244941450097e-01,6.731683727644635629e-02,-1.054503516166949151e-01,-3.102738360104956850e-01,1.071504235576764726e-03,-2.087691849221803564e-01,1.290226224280132117e-01,-2.600616036041981105e-01,3.269856160035235493e-01,3.324186144461178105e-01,5.979848891526245470e-04,-1.906907028105080670e-01,2.678618638126161744e-01,-1.584665815791155563e-01,-2.142422054945676835e-01,1.011901974098248641e-01,-4.033964516314021975e-01,9.662110941701289313e-02,2.010882575686733509e-01,-4.496750100637053604e-01,5.283866309373160680e-02,2.439591719035776596e-01,1.842092440035195122e-01,4.649549217227888498e-02,-1.206539262804651458e-01,-1.143545565566972261e-01,2.153809664368523322e-02,2.274486266356675335e-01,-8.281016431751662965e-02,-1.683563221055037196e-01,2.258179625620210240e-01,2.476541022243276477e-02,-7.363176702307802114e-03,-2.128023677285070803e-01,1.906233946919765054e-01,-1.144560542331871378e-01,6.133858665035786702e-04,8.120378708279771263e-02,-2.376845937241232332e-01,3.347354407111076124e-01,-1.970517815003752227e-01,1.256137050051734372e-01,1.327564858874224762e-01,5.909219774596481678e-02
4.540415154557996269e-01,2.296928378093162082e-01,3.173889817219693321e-01,2.268910169314455050e-01,2.372412873064143890e-01,9.092072559177320420e-03,2.692102686152747504e-02,8.888496489325060923e-02,3.555737509679733621e-02,2.649979420890244408e-01,-1.261853464608085340e-01,-8.248411011399491358e-03,-3.140282890382396774e-02,-1.334362314654200521e-01,1.598183745965225389e-01,-7.302026369968886432e-02,-9.167595449175727773e-02,-3.147611456585154843e-01,9.166362799467157874e-02,-3.686073315067910361e-01,-1.789545592870687984e-01,-1.948387790899431659e-03,-1.033082427401214587e-01,7.932809191109006786e-02,-8.123686539117519478e-02,-8.123129323482624134e-03,-3.039824750044444190e-01,-2.276367438786977282e-01,2.291188421220237137e-01,-4.662285669663607246e-02,-1.440125683683995093e-02,1.334375870919657092e-01,-9.249470267635030718e-02,-3.053045901331638001e-01,2.415230429577359117e-01,2.612992684697167459e-02,6.501909727600738154e-02,-9.903302069110417327e-02,-5.563129320381527965e-01,-1.230999976759543230e-01,-1.036446189300817972e-01,5.375206708089177443e-01,-4.551942910385793906e-01,3.483356277184767036e-01,-2.466551129998478531e-01,4.673180362739591705e-03,1.883982674849301320e-01,-2.783670155753763253e-02,-5.642763889488563306e-02,-2.196460969827450649e-01
-1.222880298050830761e-01,-3.522504540479442364e-02,-2.636829533906557277e-01,3.013086797942685635e-01,-1.835437189075246334e-01,7.159583331788922644e-02,-1.491810749911445799e-01,1.493699611483168509e-02,7.746142588761886771e-02,1.176445783959561286e-01,2.696847856854131531e-01,4.783612240679791516e-01,-3.525194566655411033e-02,-1.410762226051278934e-01,-9.767346268507824669e-02,3.754796935892746462e-02,-2.121729984861111529e-01,4.905213665923798816e-01,-5.565050194011442880e-02,-3.989842223462854442e-01,-2.122752853125345340e-02,-2.970145446343444018e-01,4.304694196013506002e-01,4.999250075331796994e-01,-4.518416582786731472e-02,-1.165893371872428058e-01,2.117577129496965027e-01,1.585640774417343413e-01,7.177202521430427196e-02,1.205936778723608674e-02,2.559319495954430479e-02,2.005047479906214569e-01,2.657340485551243359e-01,3.105618915048234396e-01,-2.253536860727139990e-01,-2.221429309140532382e-01,-1.034699864329513552e-01,3.689051746661912989e-02,8.458190303149602796e-02,2.756724749429368404e-01,9.757745191813793628e-02,3.207766505049730044e-01,1.228237983703564101e-01,1.150916308786512215e-01,2.180182776997470762e-01,-4.019421255487187067e-02,3.932401128902915377e-01,8.586831903535274702e-02,5.280317500225823607e-02,7.516544206082800827e-02
6.206784219360376303e-02,-3.253347936935261919e-01,-1.243203251194897052e-01,1.960367903324242711e-01,3.031759161205667061e-02,-1.058800464195894936e-02,2.702803069603019193e-01,-4.058799161951222034e-01,-3.659230759562677460e-02,-2.183725820532763651e-01,2.823350833658435088e-01,1.876887679758477701e-01,-3.979549779707516888e-02,-1.102291234399757798e-02,2.348090549625391280e-02,3.081910586198651214e-01,-1.513800583583908566e-01,-3.588747597356263530e-02,2.151136532083632730e-02,-3.285733585133245316e-01,7.003862192586196578e-02,-2.848509668135985606e-01,-1.744780564875404449e-01,2.213078135959988257e-01,9.028913563701286560e-02,-2.243431398776222011e-02,-1.665051239303658170e-01,7.326396629606796163e-02,-2.632848840702970983e-01,-8.972434548139632260e-02,-3.418907944792341086e-02,7.342991636947333867e-02,-3.423071505264415060e-01,-2.264599844477579171e-01,-3.665638566925737141e-02,2.686141041588142042e-01,-1.140909497813039769e-02,1.240257697632185518e-01,2.612770490940471632e-02,3.819196545107833574e-01,-2.015375496258225430e-01,1.032902598284728690e-01,-3.772121962090039388e-02,1.379014930450012943e-01,3.200143503084536267e-02,-3.173290023535330628e-01,-5.052966329623024416e-02,-3.110262976217301190e-01,-1.817673269430040150e-01,-1.441405176307728603e-03
3.033966219136247783e-02,-1.731657448866994742e-01,3.530100560990800940e-01,6.879622872616313056e-02,-9.280776057180123439e-02,-1.632945411610077224e-01,1.083375612810850118e-02,2.189164651043893628e-01,1.436585735138860842e-01,7.550726803895110861e-03,1.227669295451894599e-01,9.954055096569058847e-02,-3.207124293239279056e-01,2.811032201136687281e-01,-2.211171614645751626e-01,1.560686831594843837e-01,6.525948018593012712e-02,-8.366265768594123575e-02,-2.648985757006032116e-01,-2.038260840033731813e-01,-1.141677919523765017e-01,1.180682110354855929e-01,4.727207517287435601e-01,1.955699197208603801e-01,1.094839159051770039e-01,-1.326326496823907186e-01,4.858121050718575834e-02,6.971496518565201833e-03,-1.007703379636682023e-01,1.926162634460470702e-01,-1.345459803548849642e-01,-3.028155317236088662e-01,-3.611482805206313595e-01,-1.183273497134046670e-01,7.374854680190469358e-02,-2.134547905424461767e-01,-3.026085536687429522e-01,3.392395221394346461e-01,1.515999461474694110e-01,7.846671743815773759e-02,2.256952272513019775e-01,-9.328117696687857063e-02,2.651837860907810263e-01,-3.590299336555652920e-01,8.091171031645642830e-02,-7.999439940951232064e-02,-8.836781043970425020e-02,9.578907060421711084e-02,-4.253466619681293276e-02,-2.021580682278279611e-02
-1.585125144357691640e-01,1.721046850196971956e-01,-4.390277222346872787e-01,-3.353405085799905372e-01,-3.313616650323313872e-01,-9.019602618475970612e-02,-1.457498484589369037e-01,2.633162438277247830e-01,-1.058993924052787916e-01,-1.114040879860741795e-01,2.395296563684224112e-01,-5.291342032399177775e-01,1.349587163895561992e-01,2.145309814869197640e-01,1.089580615137819564e-01,5.699380820189687419e-03,2.420773959591815683e-01,6.923945723761090743e-02,-1.294634621379987249e-01,-3.375768731813440504e-01,9.296951103884036616e-02,-8.869653478742961505e-02,9.026944519932397770e-02,-9.349484450499596921e-02,2.943684266898120849e-02,8.107115077444031204e-02,1.402846921869381480e-01,5.707026223594628515e-03,-1.880244152885864441e-03,8.680643692528709765e-02,-1.198727309473277408e-01,-1.116689222865131087e-01,1.768971041819344600e-02,3.066217207327281286e-02,-2.306509831268795108e-01,1.806047675790422857e-01,1.319655458550503604e-02,-1.032235966749796979e-01,-7.013424374133276316e-03,2.543429514700477623e-01,-9.592629922102764717e-02,2.273500403959129723e-01,2.262036942555748636e-02,-5.292551042468285338e-02,9.796765429161276295e-02,-1.693240687240507025e-01,1.661428501272514402e-01,1.436731057330721019e-02,-1.766709716040982259e-01,-1.230477493710246256e-01
1.205843801211498589e-01,2.482936680916966454e-01,-2.220484395027624847e-01,-1.040135002067311826e-01,5.497280056089658834e-02,-3.150175243072671494e-01,-8.209113386424696235e-02,8.427024584560495468e-03,4.737546700889874174e-01,7.363789950349608482e-02,1.510529939135623473e-02,1.185376989876863740e-01,3.751129670921177217e-01,6.680797910314276167e-02,1.073522912318181505e-01,9.381549199757380220e-02,-1.090028623843732752e-01,2.397685652604581164e-01,-4.007473695155396309e-01,4.988810264370555081e-01,-2.615563255649943630e-01,-3.589686780115068920e-01,-5.617309179382704715e-02,1.794525074694815203e-01,-3.950198067014269732e-02,-1.713724989769589979e-01,1.692076715143665810e-01,1.491170309211670986e-01,1.619051719213598084e-01,-1.257861489802367672e-01,3.755732693331002153e-02,-3.911366400076424776e-01,-2.807969700855975637e-01,3.092348770114393686e-01,2.745339856796231159e-01,-1.122602253456290826e-02,-1.097366963443736909e-01,8.559123882247123005e-02,3.134523610888007572e-01,-1.672808281589109602e-01,-5.210358254658258893e-03,-2.734741970289801261e-01,-5.748828503832788088e-03,3.183764811898293079e-01,1.509244291451357356e-01,-4.273438507137676257e-01,8.506456727319569588e-02,-1.169453030695457307e-01,-3.193772493168986482e-01,1.059027385068953518e-02
3.471785123099581094e-01,-5.424188890300526977e-02,8.960246848874296732e-02,-1.806945821051415824e-01,2.986291618827155436e-01,1.454389451339921091e-01,-9.943715403946221110e-02,-1.531665050217597690e-01,4.033334309725734035e-01,3.395753347327628568e-01,1.350199120965029642e-01,-4.827736928151675488e-02,-1.286049258532678263e-01,-7.191279095491359685e-02,4.208247704310843496e-01,-4.680700984522591368e-02,4.264011236020078671e-02,3.967101355791172873e-02,-2.621676076338060879e-01,-2.977998734725712526e-01,-2.482838407826621838e-02,-5.512743722356721054e-01,1.636087297352799563e-01,3.289021955229271543e-01,-8.454826985547890528e-02,4.703112090874663753e-01,2.053467127535877901e-01,1.005420614819591413e-01,2.379922276054822691e-03,7.338286338598330738e-02,2.053651049477193125e-01,8.906801703451604213e-02,2.969980744102164172e-01,1.654660159403121555e-01,-6.810580967950334852e-01,-7.996612478727797846e-02,-2.536058043299689868e-01,-6.769276353097802845e-02,9.158099199222344278e-02,5.162143546210598011e-01,-2.035990268296071770e-01,2.048988436897186682e-01,5.072131763682473649e-01,7.920250007321412433e-02,1.147461637108151827e-01,5.685244623243760481e-02,2.350015293830704788e-01,-5.728689110131543472e-02,1.033298317088249957e-01,3.741002770160865021e-01
2.936050826127180602e-01,7.818372051896577135e-02,-2.811718955795870500e-01,-2.103153626910284624e-01,-2.161078118211920418e-01,2.250518430527703034e-02,-2.596958655637148644e-02,-1.071929104657645404e-01,2.253088883322484637e-01,3.630236461826494843e-01,-2.276681777086407288e-01,7.004893948365632783e-02,-3.969180442593943370e-02,-6.225439540634168933e-01,6.528736752575636793e-02,-3.736121287874301453e-03,8.934711623828284210e-02,2.883406535724656883e-01,2.655892772409527147e-01,5.840602981567370733e-02,4.343054904948059208e-02,-6.021768871183593580e-02,-3.082517656507889892e-01,2.264489900861711424e-01,5.109128649287074386e-02,-5.677795112694246360e-02,1.886148948390945490e-01,6.587110361602405151e-02,1.705514313840312823e-01,-5.873977735650596360e-02,9.490241220260653421e-02,-5.501281703811101709e-01,-3.705434917177461429e-01,-1.739932896506697080e-01,-1.001536887687072552e-01,-4.823302372899322329e-03,-1.062573753966927909e-01,6.037679119830239444e-02,-1.078210794575385351e-01,-7.049815060921137133e-02,-5.302231837402964221e-01,2.076573708784193728e-01,-1.246455317706775118e-01,-6.851841952771317579e-02,-5.008703657004539567e-01,1.399104832666649978e-01,4.066660442825178329e-02,-2.209931684655633451e-03,2.490624399406907510e-02,7.841649633672989617e-02
-1.300972822742124113e-01,8.106571054037826907e-02,1.449744466075311711e-01,1.902181000305467884e-01,-1.103795050745999123e-01,2.311234855054389026e-01,-2.338735568630314343e-01,8.788493686759872581e-02,9.599574005721393799e-02,-2.897493051496534688e-01,3.154915150140000235e-02,-2.586565418622278067e-01,-3.832033419663254947e-01,8.859246462580270404e-03,9.737077001339064508e-03,1.975858266674516694e-01,-7.739050959262790130e-02,-1.457501957835115047e-01,-2.368092529603171015e-01,-1.168855993613961558e-01,-2.071919367898603648e-01,-4.833695467257492773e-02,-7.406908012526385032e-02,-1.826922775422408773e-01,1.064249064661391686e-01,-6.866621122689989254e-02,1.270776144049474699e-01,2.547573850099139614e-01,6.085323918353470474e-02,9.047924514554266107e-02,2.891682707808724828e-01,1.161509121103458803e-01,1.609714510003479593e-01,2.162031553019074515e-01,-2.086544708461277736e-02,-3.641494109409503660e-02,-4.003513239333735818e-01,-2.372642760869942691e-01,-1.606687249696935049e-01,-1.087663475408476854e-01,1.822078474478059373e-01,2.331576599965288765e-01,9.728443061089440957e-02,1.281173085427563252e-01,1.094407095538933727e-01,1.589634033899392784e-01,-2.413616215221331684e-01,3.609655830143209121e-01,5.565497249709168426e-02,1.118590983678645900e-01
1.405268912307668094e-01,1.879693685580366980e-01,-2.260897094976855592e-01,1.138750435681543799e-01,2.824449373126737273e-01,1.006315854101458712e-01,-1.835755378524212000e-02,-2.283371816613574690e-01,-1.162239116103323394e-01,6.807793026127613445e-02,-2.439695374651512649e-01,-1.728703956646867324e-01,2.471008049491527636e-01,-1.092303316538419979e-02,5.037519661836747931e-02,1.350320107609677411e-01,-2.338737828860328050e-01,9.340207400680877736e-02,-1.464124922690280550e-01,1.205518711602052151e-01,5.445599610525095335e-02,1.265732627785334241e-01,2.211577870637942284e-02,-1.431133486926372822e-01,-7.583369639292986131e-02,-1.167450505283994765e-02,2.628335002757292149e-01,4.500337976485026606e-04,-3.360771517576217060e-01,1.992106234984813429e-01,-1.767702683043232414e-01,2.506978106240360660e-01,1.940370809555035658e-01,8.562362404918383296e-02,1.698948499781882671e-02,1.011999770565017998e-01,-3.165472261170325652e-01,1.723860333926080513e-01,1.039464452146921652e-01,2.005511988317448813e-01,2.468059549352098758e-01,1.634793021655985279e-01,-7.045828237475126876e-02,-2.823582034800168894e-01,2.370841276505489814e-01,2.883041466470153691e-01,7.820677059055196334e-02,-8.268080231291197180e-02,5.850693814629264605e-02,2.817510659666229156e-01
2.428158254846747854e-01,-1.323955060120000082e-01,5.900661860644866863e-01,6.950764062209112415e-02,-2.335411126263008674e-01,-1.510765500720780974e-01,8.455810172559731497e-02,-7.070282231332587763e-02,2.032958135113695775e-01,7.984756351760401161e-02,1.037580213992974204e-01,-1.785450159480896082e-01,-1.905441460892316752e-01,-5.055236660322979247e-01,-1.267345188548601731e-01,6.375410374395594493e-02,1.201912151870812157e-01,2.388919771028772676e-01,2.189277149310895065e-01,-7.658658818579960892e-02,4.249728297467039034e-02,2.238992181428927364e-01,3.100494250353417747e-01,2.931122827038887876e-03,9.643955546764357289e-02,1.085651986871216113e-01,-9.107623107740250856e-02,2.061733005068175084e-01,-6.154610520559024300e-02,5.383211752712823567e-02,-1.411898789894359407e-01,-1.024627779223322016e-01,1.496811428813956124e-01,2.426782699580886660e-01,-3.046598649470283471e-01,3.057268913102162977e-01,1.760477555250679338e-01,-1.433846133343902041e-01,-3.621203817481144505e-01,-1.333843653585582989e-01,-8.553982683256183828e-02,3.520175733274401031e-01,1.192492492750616001e-01,-1.260317837562528187e-01,1.104205940579924133e-01,1.988323231919296094e-02,-2.494421508488781358e-01,-1.612772438243280371e-01,7.723982983028646054e-02,-2.846418832557030820e-02
-8.945936159150925937e-02,-1.392489112626086045e-01,1.694523404100873598e-01,-1.021075232709895905e-02,3.200996270257606136e-01,-1.585000404808298846e-01,2.254153964106762886e-01,-7.947969963533872695e-02,-3.497255829442402070e-02,-3.181490073845349292e-02,-1.602091136597293686e-01,1.489835623476239712e-01,1.933909590616313401e-01,3.844416294658960509e-01,-2.138006955800073050e-01,-4.547121536025373612e-01,-1.461268626513474722e-01,2.017642858700932074e-01,1.939598833859612625e-01,2.970213479659631894e-01,-1.361231779907547679e-01,-5.980443158540826171e-02,-5.831888613455291082e-02,2.446996696336238009e-01,-2.386034753153787324e-01,1.621282093576316141e-01,3.328814804896830237e-01,8.000877179939819284e-02,-1.228940865579050135e-01,1.210361682627830171e-01,-3.345782373640611707e-01,1.941207503036328913e-02,1.649279528749447443e-01,1.894475075628179240e-04,1.880263568720993705e-01,3.322475440716080586e-01,3.878323007129062805e-02,1.289643135130285907e-03,4.765027343257007691e-02,-4.300990416921624537e-01,-1.905036045642616860e-01,1.129263209341615226e-01,1.657403161594678265e-01,2.955902194151301815e-02,1.111799818403026996e-01,4.812598495898255946e-01,2.010001408284874946e-01,1.985760406514928411e-01,-6.053565846065678269e-02,-2.238164702577078585e-02
9.037878697506425418e-02,2.498426552103339415e-01,-1.046937308270544098e-01,1.285036052342909130e-01,1.498067882048589039e-01,-5.408628090054535820e-01,4.772596730922301633e-02,-2.711575205701932667e-01,-1.024251360694372615e-01,1.875957820849763202e-01,-1.839391246065738561e-01,-2.084925473438674348e-01,-3.690283606146256834e-01,-8.602055041106156097e-02,1.826185267396965572e-01,-2.476846605757105357e-01,3.961449187023904916e-01,-1.277024847438676947e-01,1.186680743997360343e-01,6.074296773344608352e-02,-2.928266751699764789e-02,-2.483622456989672544e-01,-5.383641690086300446e-01,4.796691710732022274e-01,-1.046509494682113517e-01,-2.861361591068775981e-02,2.891307773338770981e-01,4.597249048446070963e-01,-2.333073895814848087e-01,-8.949505041830425889e-02,-9.855939643700166453e-02,-9.803846698295065609e-02,-1.410570396569114371e-01,-7.360896091159527255e-02,3.250347752794351397e-01,-1.157746688789911549e-01,9.245795096201397945e-02,-1.609745909987859713e-01,9.285539094527844872e-02,-3.227868332957934960e-01,3.440312515182782360e-01,3.644087467435837557e-01,-1.654572433364742412e-01,-2.306893719767178635e-02,2.891032707037925406e-02,4.684477278087838953e-02,1.845775002504314657e-02,-1.020156194526316701e-01,1.858805976817310968e-01,-1.650146423041426169e-01
-6.717414180257784417e-02,-3.690736754005181225e-03,3.102276247626745490e-02,-1.434020932409620086e-01,2.337370437953991409e-01,-1.068249075502601120e-01,-4.586502099027705420e-02,-1.914083486223204511e-01,-2.956401460124017389e-01,2.164870223009506267e-01,1.678787695295960170e-01,8.265136442936728278e-02,-3.680185327752908409e-01,1.765282464675291818e-01,-2.080456248971291333e-01,-1.616024337476008321e-01,-2.952967503135180971e-01,2.841370620847622486e-01,3.635173371519654362e-01,2.342326058780989650e-01,2.113636127901800388e-01,-1.717348925414448335e-01,-1.354139858578223554e-01,5.292884719680288758e-02,3.496678164038377612e-01,-1.030547274334536328e-01,-2.420532804017418160e-01,-1.564792656243035786e-03,1.476734739635209015e-01,1.769372020943331403e-01,1.105745748709917459e-01,2.500439587234649583e-02,7.726545056960093527e-02,1.309223734111397974e-01,-3.147737024499958070e-01,-4.792884106523778720e-02,-2.858742451264366033e-02,-4.938082362847361073e-02,-8.495272798950802284e-02,3.282654682105750066e-01,-2.820200738419583741e-01,3.060473531054656582e-01,2.496772112308951186e-01,-2.249482591669474396e-02,1.599703450535032434e-01,-1.401152828788804761e-01,1.677230583205648606e-01,-1.177892685646564630e-01,-3.579300206745657520e-01,-1.141909147825096449e-01
3.958801381287316984e-02,2.496687811936822154e-01,2.802446257907774685e-01,1.254218218338044033e-01,1.254415055741429919e-01,5.839420411009057510e-01,-5.629996766982303669e-02,8.681536232952948018e-02,1.418462043202352307e-01,-2.946761229339481813e-01,-1.066394224667624735e-01,6.458764899833105248e-03,1.384716141997846817e-01,2.663846931682514740e-01,1.231707885207160846e-01,-1.072676829704945073e-01,1.158094552480633255e-02,-2.493896300033314195e-01,-1.944493313727494177e-01,2.795992288832825357e-01,8.659482561547099388e-02,5.668059773402471524e-02,1.262437888247210649e-01,9.520511285172734983e-03,-4.628238631148021837e-02,5.212566033053994685e-01,1.826336404642855682e-01,4.537062715316638947e-03,6.331631940666261615e-02,1.546907524263914646e-01,-2.357113793301106319e-01,-6.874965011781021540e-02,9.775360032231031338e-02,-2.339415138695878915e-01,-1.508701028343656658e-01,-2.099869629696249906e-01,1.190588457286917562e-01,6.350008374979183856e-03,-7.593754912188914463e-02,-1.415383198439899293e-01,2.437856051511388955e-01,7.677099429202408065e-02,-2.069861999071311576e-01,2.022110853810730330e-02,5.861742762292887488e-02,3.034372253765503791e-01,-1.016394031442497542e-01,-6.766659573841687925e-02,-2.073314588703860928e-01,-1.277298673293132958e-01
-1.238817157265895280e-01,2.680248162895523811e-01,-1.409678256908746541e-01,3.843023354739377034e-02,3.170125642893942275e-01,-1.138371793529085879e-01,2.307749498215554140e-02,8.883822386023108864e-02,-8.270952743668329166e-02,9.895562691190858129e-02,7.835643404616610130e-02,7.692952591354201841e-02,-7.260056105413201788e-01,1.486071288249703470e-01,-1.798694434440887332e-03,-8.436623927325678785e-02,-1.492320265713042438e-01,-3.249241876761327363e-01,2.321456399805085502e-01,-1.260232030705209783e-01,-6.868497133595809212e-02,-5.963919183780794914e-02,7.130453361141837754e-02,-1.928784343258463652e-01,1.122689084718401092e-01,-3.123108627281315774e-01,9.438602534676841793e-02,1.347955701191593803e-01,-1.211347635492673047e-01,1.715915336011205328e-01,-3.429638538025026606e-01,1.755254708796764318e-01,-3.086860807216315616e-01,-6.133886553765868083e-02,1.157394019147918035e-01,2.832979801492880312e-01,-2.717150057907402605e-01,1.237801851226474729e-02,-5.106298744394095479e-01,-1.929160770826526166e-03,8.953024821001372147e-02,5.225872268393220305e-03,6.614446387923739179e-02,-8.147146092572688306e-03,-3.696158152071851721e-02,8.140323489685727387e-02,1.340505932644493470e-01,9.794081494405325328e-02,-1.547234072801965399e-01,8.055992360737787572e-02
-3.228796598209739410e-01,-2.127743206099888887e-02,-2.694313290636875524e-01,3.840472127012715120e-01,1.533547911430879485e-01,-1.084279378300914559e-01,1.786566923792828887e-01,1.429350738643912211e-01,4.717564844402308277e-02,3.350931629349798713e-01,2.318170359263329039e-01,9.402431012915266062e-02,4.566397109214088355e-05,3.147136672921635459e-02,7.381789572008475020e-02,-1.387063053132835955e-01,7.362177891000994123e-02,-1.204596293831532300e-01,1.392720010036920322e-02,-1.577663087499205086e-01,-3.727648013796329152e-01,1.345630646188691049e-01,-1.172397354122100832e-01,1.938612880860470511e-01,-1.480752521360518548e-01,-5.453442956789593676e-01,-2.064565596326060903e-01,-5.272107303247525190e-02,5.376478472568181621e-02,2.532277298260765530e-01,1.070311467611855388e-01,2.184449561418420060e-01,6.038940646860043587e-02,8.660254524816386745e-02,1.000892960653354952e-01,-9.240506321868810491e-02,-4.057049084433368979e-01,-5.338803790303704722e-02,-3.301162870222499879e-01,-1.109475441499151449e-01,-1.271680908001162347e-01,3.638210035587210924e-03,7.034821000008065206e-02,-3.705788221696638129e-01,-1.979464088773415578e-02,2.243608025941563611e-01,2.372783938044738250e-02,-9.181151849328506032e-02,1.266316632014173604e-01,1.130578065046555919e-01
3.209664433577960607e-01,-6.877189672481448524e-02,-5.182501721346378931e-02,-4.572805209445643393e-01,-2.001077009551185948e-01,2.756108100205825751e-01,1.581139461934702450e-01,5.381238168257923560e-01,1.694563801426838268e-01,-1.111505846716729640e-01,2.585823786001364977e-01,-1.338617835419683433e-01,1.089957372631122079e-01,-8.934007005738732465e-02,1.690517031757700003e-02,-4.563000625359416029e-02,2.691795312711211044e-02,-4.502989577804107357e-01,-6.686544727601949345e-02,5.171851672697103802e-02,2.379921578806833415e-01,7.781010178919527120e-02,2.611676981285987464e-02,8.340162191122396651e-02,5.582647708197538416e-02,2.622734034788610780e-01,-5.566285444098902774e-02,3.005136024180292062e-02,3.366201536595636590e-01,2.199839669490154526e-01,-2.843607104698044896e-01,-2.685301044311995122e-01,-3.039822476460216083e-01,1.782154057598384633e-01,-1.553053367697385667e-01,-1.855698464713682050e-01,-3.659025114558854819e-01,-1.316958723788496100e-01,-3.719095886162802622e-01,1.229301103734453532e-01,2.122981431203641300e-01,-1.910367228742312351e-01,1.064612068386616706e-01,-4.397593900825708807e-02,2.190271299560139218e-01,3.387445559255461425e-02,-2.733117434740007790e-01,3.821846603770753803e-01,3.575999061836215853e-01,-1.896859680962415529e-01
-6.584825439727419460e-02,-5.043238545451541599e-01,2.562417754839288464e-01,6.251258509785789785e-02,1.454557029627710218e-01,-2.154598108738040030e-02,-1.018761818544623894e-02,6.437596072532857094e-02,-3.847675261623662579e-01,1.461531249362391094e-01,-2.485272945531557046e-02,2.375641629726083226e-01,3.793188815041859813e-02,1.448552829678505516e-01,-3.786245471802783813e-01,1.990744878926593575e-01,1.294589636724952919e-01,7.801491823303359496e-02,5.580276715531808929e-01,1.909318708387608421e-01,-2.253882615580197341e-02,-2.713005612185522830e-01,2.495744470128354042e-02,1.598088610275430477e-01,-5.614368471854917775e-02,1.102168303475284730e-02,1.355194088406006525e-01,3.940162456094752907e-01,1.857891863134064347e-01,-4.448784499095919664e-01,-6.848661166845194936e-02,4.126542582321941488e-01,2.749576372013398662e-01,1.259787139992392391e-01,2.074361931710622109e-02,3.269005609806129031e-02,-3.079218135373510967e-01,-1.537285105194889923e-01,2.990093559648828170e-01,-1.131759253196123610e-01,-6.805205296019103955e-02,9.899845150847792763e-02,-1.501759060038914961e-01,-1.609716078903527386e-02,-1.042745917288162572e-01,4.004452357889661807e-01,-4.310008966762189364e-01,2.375198492860026434e-01,2.102465257302788548e-01,1.741193648389184889e-01
1.718916539490351336e-01,4.825966002285843048e-01,-6.967782264164286421e-02,-1.399201892413936277e-01,3.419264344665056132e-01,1.989991303382355747e-01,-1.481038480124597101e-01,6.144128960142848650e-02,1.049628855681328243e-01,1.641157810270467421e-01,6.215069827373806768e-03,6.383280386086012670e-02,2.406230489816953144e-01,4.574148783981896865e-02,7.706531991117580860e-02,1.892321336472765070e-01,4.713850884854775547e-02,4.013437232040796832e-01,2.604511114176354947e-01,4.053143530226299696e-02,4.946189091387880737e-02,2.104250876978451257e-01,-2.538841503181342718e-01,-1.911161259633990250e-01,2.015150251770806700e-01,-2.152565292685932122e-02,-2.348031888948119983e-01,2.069579400991625739e-01,4.120563754329483741e-01,-2.923856575239098810e-01,1.699169575136530441e-01,1.104148622805695146e-01,-2.504751830812522728e-01,1.664705802102519616e-01,-3.262318312484482341e-01,-2.473304384263017019e-02,1.121565775694095268e-01,8.907102786760504043e-02,-6.725764612613037430e-02,1.021559210584874755e-01,2.900226510684389969e-01,3.862868366331927844e-02,7.578782913959690101e-03,1.405371714134462935e-01,-1.225393885310955416e-02,-2.764351346101071374e-02,6.129052954789816487e-01,9.610503702905266385e-03,-7.633476301355537896e-02,-1.069093596326127146e-02
1.964229371711290195e-01,5.056312122265289866e-02,1.863023816904485139e-02,-1.997743580723895240e-01,2.513508995263956103e-01,-1.979549396713045917e-01,3.868778991693742064e-01,7.544400142130567311e-01,1.491784827544039294e-01,-6.372734741689353721e-02,2.438242861762786318e-01,2.232153649106042581e-01,-7.158424296755176719e-02,2.170041106620866078e-01,-1.156519015086369673e-01,2.493605807580745112e-02,-1.400645253987309671e-02,-9.614005382431685398e-02,7.626552439051063718e-03,5.743778831766217091e-02,1.544128627570099943e-01,1.677076269931280714e-02,-1.636033192640641287e-01,-1.370082778946436937e-02,-1.662528127455361882e-01,-7.863852550974494496e-03,1.719019626112706645e-01,3.073265965099056807e-01,3.143358609106012280e-01,-2.843878107884244000e-01,-2.122794428731760163e-01,-2.214865848345260735e-01,4.190686337058358579e-01,3.032636911537263114e-01,1.523000310285524961e-01,1.858969955563836707e-01,4.748491708520315435e-01,-1.994959167596560279e-01,8.173764663262653163e-02,3.722701342410463243e-01,9.979672412808467119e-02,-2.069139388762647747e-01,4.624044283984372200e-02,-1.753888227106025488e-01,-1.732832844153333815e-02,-1.650681548262904752e-01,-5.563609621305066755e-01,-4.466591773602748144e-02,-1.449021654697426609e-01,1.735214999976579797e-01
-2.706337566211920384e-02,-1.186488197494519892e-01,3.636481691305736841e-01,-2.994066721249784568e-01,-5.056399473733209221e-02,-1.420261863659470769e-01,1.400137177856971837e-01,-2.005519131569463709e-01,-1.894498277632275796e-01,-3.130813718898101811e-02,-1.653349013746395202e-01,-1.294410311013928783e-01,-1.984456800819332789e-01,1.023410748231415174e-01,-1.241021045778244736e-01,2.872947222345298424e-01,1.537540086533671080e-01,2.419104142428232240e-01,1.153589448667324546e-01,-4.387924320162620573e-01,-1.203090036404851071e-01,1.737755357513695309e-01,5.303783886258432723e-02,6.022215975424113216e-02,8.478507767751335134e-02,-3.253423754243676136e-01,1.241728619920770826e-01,-1.004242344043483615e-01,-9.115690289557119852e-02,1.637371755205813129e-01,1.922473753040126743e-01,8.283367629200710791e-02,-8.340005224614273349e-02,-3.809799643632615362e-01,3.550739709887650863e-01,6.878082381871306050e-02,-8.727429335447887959e-02,4.495609235736945652e-02,-4.704368830476082786e-02,1.953472997569750680e-01,1.303530107811766425e-01,-5.690298755949254467e-03,2.264336454797659659e-01,1.739468242996419500e-01,-3.389373028004051824e-01,4.542760517114800833e-02,3.148712975555383042e-02,5.414407757597755610e-02,-2.464626489736660708e-01,-1.195098562758887817e-01
-5.209991541434089157e-02,1.060575727106609877e-02,4.931528002101168845e-02,-9.272456294813440081e-02,-1.023048119682379714e-01,-6.623892893756143027e-03,-7.552054857554618694e-02,3.855216567315734866e-02,1.638604207530336768e-02,-4.014598947180065824e-01,-1.672828662977631775e-01,2.164053152385574386e-01,2.380692864605868375e-01,1.328521205443455866e-02,-7.143945735947049465e-03,-2.067850428806226881e-01,8.824146099016758060e-02,-6.763118433267935325e-02,-2.890146196814039614e-01,-1.455092227270331773e-01,-6.752855319129860701e-02,8.905252989548027853e-02,-1.755745561362261065e-01,-1.062672125400015988e-02,4.645347396555953023e-02,5.195455011109262333e-01,3.230704827262301237e-01,1.087982878375557405e-01,1.538426255906605866e-01,9.529033450093669921e-02,2.349595728199475042e-01,-1.676549022094848684e-01,1.080694117110994057e-01,-2.113806209029444882e-01,6.899634817034006051e-02,-3.376099334114656125e-01,-1.898109285264014678e-01,2.290286846581305810e-03,2.499969165559288165e-01,-7.840813113995852290e-02,-2.567399363924573463e-01,-2.695360115516416688e-02,9.331564826997972018e-02,3.055055357693262641e-01,-5.111980952458626548e-02,2.725432280890375814e-01,1.785678340777241135e-01,-1.158625111448043088e-01,1.794740002007018109e-01,6.478220696497975772e-02
6.469732576336664764e-02,-2.393417699371093166e-01,-2.568700461130233315e-01,-5.724906574580958425e-03,8.928378589245892366e-03,-1.406595709045356524e-01,8.675318217370174556e-02,3.112037844625717975e-01,-8.452788217470699750e-02,6.071146338021169570e-02,-3.683035694200939569e-01,-2.703843582317912997e-01,-1.693951802906314141e-01,-7.113706460591177894e-02,5.000488707220729877e-03,-2.083421277787514680e-01,5.906352393902693232e-02,3.891988850480084250e-01,-2.260424878011235150e-01,-1.576923213889476483e-01,1.630150053968491830e-01,3.859835135210685358e-02,-3.264957625168133371e-01,1.857475333620997870e-01,-9.016701224768072787e-02,-2.041072399033996010e-01,-1.106028739881763645e-01,7.315298998097687078e-02,-1.775150027334013725e-01,9.141840020294506042e-02,-1.923040300670040004e-01,1.296687380725293770e-01,-2.624532386182411026e-01,2.058864372076512836e-02,-2.069175025743391905e-01,-2.860025471193858859e-01,1.363431028876350148e-01,2.017450278983273781e-02,-1.768056406227716537e-01,6.653918738968601920e-02,-7.304897138193600960e-03,3.075133101769579255e-02,3.204901008959876174e-02,6.590470076485584194e-02,2.634745226761066039e-01,2.858828418946608718e-02,3.990718958508033404e-02,1.709854259516767616e-01,-7.960975444591579173e-03,-3.655009568567480494e-01
-4.322312693019845220e-01,-1.321336711481450321e-01,1.090946257458877550e-01,3.066528588412898437e-01,-3.433822663084525051e-02,-3.702944253145876718e-01,7.515732685840502414e-02,4.981476566639930770e-02,5.595762113861552783e-02,5.208942414401344090e-01,-1.410971219018046507e-01,4.569504459602010682e-01,-2.744482307301285284e-01,1.593030893918363222e-01,-2.005816301377666699e-01,-1.808248140277197991e-02,-1.196834963705455251e-01,1.157187622102859997e-01,-3.910600875233716245e-01,-3.455486116198858149e-01,-1.270337565526840073e-01,-2.192366509067890934e-01,-1.131264469490270708e-01,6.035916197972894803e-01,8.674573348894858149e-02,1.552531891822019061e-01,-1.766186902816144766e-01,-8.740173640461365578e-02,4.965747724599071239e-02,-3.159742188646745276e-01,3.511812186232523558e-01,-2.055789792777807864e-02,3.456931310983383035e-03,-1.065617371189186424e-01,-7.895282981652767748e-03,-1.015644806515716633e-03,3.301368961128253177e-01,2.456820784812756009e-01,3.459406962502248328e-01,-2.097123568851760045e-01,1.821716944257316742e-02,-1.577485865736119597e-01,9.595838745094383004e-02,2.140255034109726229e-01,-4.316811945393894678e-02,-2.475701543207996791e-01,-3.216314115272238539e-01,-3.449663377714807799e-01,4.086395170753846784e-02,3.566103663425559261e-02
2.069712680510423231e-01,1.376706836127549183e-01,-1.626834245743568330e-01,8.706846573261653455e-02,-6.155268730449906054e-04,5.240803385149427757e-02,-3.135126560135195750e-01,-3.477357297802033953e-01,-5.898011858288200460e-02,8.809647453921130855e-02,1.340408885689595986e-01,1.971858452798237460e-01,-1.299737769752462302e-01,-1.078227616938238625e-01,-3.519272459517928248e-02,1.827060908032964726e-01,2.262735633048157946e-01,-1.381563695687828552e-01,3.047317699470614843e-02,-4.830638427120695355e-02,-1.026746943730891398e-01,-2.244741819461562871e-01,-1.691297281948248299e-01,7.520817588146161935e-03,-7.889590415870587070e-02,-1.029617669290708720e-01,-1.669202809404178312e-01,-4.855097431889499049e-02,-2.018734856287470181e-01,-4.961239848731242158e-02,1.562180489468806555e-01,7.217702868687396640e-03,-1.394750447888001843e-01,2.570914996700748301e-01,1.296104891043081131e-01,3.675673859575971925e-01,-1.410660072407532717e-01,-2.902992057461870057e-01,-6.593788366350397667e-02,-1.731712872966974237e-01,-2.587696874407521830e-01,-4.079860115449223529e-02,-5.172028382261508739e-01,1.180240394914340157e-01,-9.642490012748337891e-02,7.507644005714672608e-02,1.335162801635188523e-01,5.514151330937635542e-01,8.967304904155540268e-02,2.096011427650452397e-01
-1.782929253812083337e-01,1.651312158271391328e-01,1.871890259059413864e-01,2.852842089437274825e-02,3.173082730478985480e-01,-2.731786063319598390e-01,-1.747935772719101943e-01,6.987325411807432385e-02,2.796240461233551744e-01,-1.410354344558947537e-01,4.710062259129780410e-02,1.930295318277246153e-02,-1.464956832251234908e-01,3.482027927305255677e-01,1.480979760037980444e-02,-2.177196594410499841e-01,-2.466626125560216765e-01,3.359445457081838837e-01,-1.526913911956105374e-01,-3.503072035549301688e-01,1.568963246338450357e-01,2.683009467922545799e-01,2.856796449552451711e-01,-1.871690531089885423e-01,4.298635463276725410e-01,1.841158261063888246e-01,-2.184915215400627386e-01,2.813812717443922584e-01,-3.517524894267109320e-02,1.003867888660242222e-02,-1.251385155872932198e-01,1.032866385897605738e-01,3.312692857334109675e-01,9.376031180853963698e-02,6.137939942055110898e-02,2.241761244129708841e-01,-1.668767589745457081e-01,1.390465917662331019e-01,6.548818941694964368e-02,1.366075959924553107e-01,3.060226735404086851e-01,3.247612838500193305e-02,3.127765977569174627e-02,1.655998235844561017e-01,-4.275491977201772986e-01,1.329195247012110170e-01,-2.579813252332006646e-01,-2.334634977922227517e-01,-3.762560212343202815e-01,8.390549928964606552e-02
2.975030077120257091e-02,-2.812434745356143795e-01,6.069368480423283779e-02,-1.278713955869881791e-01,1.710330324822045278e-01,2.547591123656132994e-02,-7.548471523322243526e-02,-1.946107395142258334e-01,1.852330919261001574e-01,1.576089632163356069e-01,-6.168728429003179220e-02,6.357399212379960529e-02,-2.203249299027572328e-01,1.617598172645664080e-03,3.193636984157794539e-02,1.310059277182335780e-01,1.350238665289089923e-01,3.842458833391553807e-01,4.899328898064433252e-02,-1.989024280257058741e-01,-2.905314281956213329e-01,6.926725953651130530e-01,2.592744480055300671e-01,-9.001218957813099386e-02,1.555754579228250112e-01,4.607941248586383542e-02,1.907802066200390834e-01,2.176760523101914091e-01,4.350858274320139329e-02,3.118274315596240021e-01,2.197466886532531416e-01,1.332811514859691404e-01,4.115205040151670990e-01,-1.673297690191795362e-01,-2.095266235008708955e-01,-2.949386876596278295e-01,4.857874849625909985e-01,-1.400865694784833304e-01,2.485804934921131970e-01,4.509521053939803958e-01,1.174495226669191456e-01,-2.426195385956077255e-01,-2.067768425036234370e-01,2.951593444711661518e-01,1.632456602070935792e-01,-8.111120553947015477e-02,1.689560679700698176e-01,-1.544793931151842714e-01,-2.286645335768269227e-01,-3.800497352046607047e-02
3.700695526056806822e-02,-1.550013493435258294e-01,3.375188365216689329e-02,-8.445481156235730424e-02,3.207203375936724665e-01,1.273912846052019550e-02,-9.905394829939292989e-02,-8.218548740682748988e-02,-1.260727419855219023e-01,-1.781641535398410803e-01,-2.163637962955264893e-01,-7.585245329691753247e-02,-6.461304251627346396e-02,-1.007559798037667570e-01,3.137375425045292876e-01,-2.027562678707104521e-02,-6.485660496823415777e-02,-4.267323825863083564e-01,7.317941375023147288e-02,-1.837082493813799455e-01,1.609779720430879746e-01,-1.407406035063326066e-01,9.008856115896468619e-03,-2.753044883335495352e-01,-1.955330595347292977e-01,1.452011563218499335e-01,2.523477662740374328e-01,-2.038616004195492604e-01,7.567687397086059198e-02,2.829070232340020752e-01,4.151918989308864827e-01,3.602344918422411002e-01,8.702741723373268179e-02,2.778089680929102245e-01,1.274412233029709463e-01,4.982690646521558547e-02,-2.367721305729731870e-02,-1.573787905256914810e-01,5.805300744557445602e-02,-3.632501457308005000e-01,-1.436668987098823624e-01,4.875824326347819593e-01,-7.702853562744543803e-02,-1.495469248207125998e-02,7.848622238652676331e-02,1.055390163036133006e-01,-1.752836046657170466e-02,-1.934947915303226323e-02,1.053190644139888471e-01,3.278092839976284867e-01
1.219436106166095907e-01,-3.064943990819117281e-01,9.236064895285768517e-02,6.483192241299270964e-02,1.772167480566503583e-01,8.285276659292536983e-02,2.182772364419085787e-01,-3.469328615899566759e-02,4.476648779642840581e-01,3.163713697658592228e-01,2.053283365763750590e-01,7.725594796431533261e-03,1.105810962658699825e-01,7.743473914075789388e-02,1.098948825329053858e-01,-2.185350241373462954e-01,2.490067671589599879e-02,-3.055350259826928316e-01,1.698616025060223911e-01,2.473262196488461642e-02,-4.348198108358448249e-02,7.547938755369006103e-02,-1.664443566069249703e-01,1.353225958935877216e-01,2.926477389735893109e-02,-6.170927392701902603e-02,2.026217178410528175e-01,-1.317925183439568881e-01,-1.675549415649813800e-01,1.135857779938348605e-01,-1.409507469650032006e-02,1.747496359249440245e-01,-5.740850204900047743e-02,1.361696083319970385e-01,1.387580455546613967e-01,-1.611267488656232538e-01,-2.794841949838056672e-01,-2.715198659942269499e-01,6.364293931459188980e-02,-1.858666855769976756e-01,1.133088329292240709e-01,-1.766929325095393521e-01,-5.433521916254588878e-03,3.439962803855261542e-01,2.593283722961585713e-01,8.663964339453170127e-02,-6.927341728700887880e-02,-2.247780072932041920e-02,1.946107684026477935e-01,-1.755558913656805331e-01
-2.700998524548664514e-01,7.340374890905466965e-02,-2.241615047131246541e-01,2.696830428966104018e-02,3.749388829902876308e-02,-1.258064759175444268e-02,2.473539960994376452e-01,-2.943895275597053010e-02,1.370842763599365022e-01,7.615889603696489318e-02,-2.647111653422916100e-01,-2.108411588802847625e-01,-4.330246421752580177e-02,-2.167833407529306811e-01,-3.708524020237419921e-02,-6.670253553454733031e-02,-2.770632227856908991e-01,-1.752117321742022726e-01,-2.162294116757965956e-01,9.476551904509056268e-02,2.281242170622291288e-01,9.519626208097076159e-02,6.443435426473836936e-02,-2.343969920862213618e-01,-1.047389829769228842e-01,8.192838585407036245e-02,6.391710276548888403e-02,-6.297213697295928059e-02,2.824670567093948495e-02,-5.788287981155686157e-02,-7.958920453404488837e-02,-1.688911413178273702e-01,-8.392118748530429106e-03,4.987731534351122487e-02,4.641156044651269935e-02,-1.311506647969414019e-01,1.777653002719409570e-01,2.778056652451637784e-02,1.248109381821661673e-01,7.016947641049785245e-02,1.260604364538479294e-01,-2.205581987223119711e-01,-1.611917176735054025e-01,-2.017642074375608219e-01,-1.982954258758205524e-01,-7.803291250835198145e-02,-3.298976834691782350e-02,1.590772569836117478e-01,-3.397673043023576311e-01,-1.080139147167173408e-01
-3.916218762533742459e-01,2.275783951372293556e-01,-2.281476479389671908e-01,-1.614986469100398725e-01,3.124370207767142582e-01,2.630790298287074766e-02,-7.597491713547337155e-02,-3.664199255487760043e-01,-1.869968053700544752e-01,-2.302903670583281159e-01,-2.648065596157742063e-01,-2.327263584823948683e-01,3.002286603591380887e-01,-2.533470728545642037e-01,7.103239700952558577e-02,1.550460472621007779e-01,-4.391966269830115399e-01,4.020832599903434446e-02,3.842405402073596071e-02,1.976550943754384060e-01,-1.750658792938234731e-01,1.936477094236927488e-01,4.982593485802783162e-02,-8.295914414697964923e-03,3.809847290932900227e-02,-1.507992853973464387e-01,-6.515683787854105458e-02,2.339431292916789862e-01,-3.982248025248166790e-02,2.761990991484785107e-01,1.829136152530856929e-01,-5.136760854931372855e-02,-6.449192495354542920e-02,-1.204721152100503706e-01,1.697697899582653602e-02,2.932615765581911838e-01,1.434537470137960680e-01,-2.301969521920055328e-01,-1.108603568690179342e-01,2.321777662781152884e-01,-2.439928270988423256e-02,2.131384941543878198e-01,-5.170264527077131911e-01,2.178405590936883240e-01,-7.941156085576249468e-02,-2.601312561277073221e-01,-6.738187309457022156e-02,-8.340992385396750475e-02,-2.365126281149350917e-01,1.644861639794552577e-01
1.123596497650209414e-01,-2.852708486048200626e-03,2.078142626931231973e-01,4.983966848058962174e-01,3.770985961261611452e-01,2.357922029247359330e-01,-2.371022760064823987e-01,-2.088923349393599360e-01,9.457797449878167784e-02,-4.853023440533565935e-02,1.481694204486352917e-01,-1.068781711186540251e-01,-1.752682631941874791e-01,1.714659388664356576e-01,-1.030531457260067951e-01,4.881043098245659295e-01,7.674418806156854678e-02,-3.726652693400692162e-02,-2.609235035192280019e-02,-3.727324362794724455e-01,2.531995502533479492e-01,2.276503632810175093e-01,4.909846761474191690e-02,-3.094909557491054564e-01,-2.888827937257916756e-01,1.242551911704837114e-01,1.700262846851752913e-02,2.542549091808370965e-01,-1.024654982956216681e-01,3.912765043444605961e-01,-9.001695564609001055e-02,-1.760483727680083876e-01,-2.299267078422477240e-01,-1.246751293132162541e-01,2.563894478353028750e-01,1.370695249823912498e-01,-6.024430069339104660e-02,2.736349311755865710e-01,2.828832685631256227e-01,-1.584009918479022949e-01,4.584639936629382184e-01,1.088717104593018847e-01,-2.917258759963482426e-02,-9.570455147583011024e-02,-1.404138030868183895e-01,-1.045026498308774116e-01,-2.184953737571045940e-01,-1.993651335751958353e-01,-2.864162726924375790e-01,-6.961572997313245081e-02
-2.592046435228824164e-01,-6.426441011933884187e-03,-4.557844513675762266e-01,9.062078800193433537e-02,3.220423823265972652e-01,-1.541717966803170525e-01,-9.643604041265124716e-02,1.424188052170745344e-01,1.757572242517908140e-02,9.658529939438786904e-02,-1.896874991562999824e-01,-1.034538811565688804e-01,3.885150298016412096e-01,-4.122847792022558688e-01,-3.639543888704461355e-02,3.693643857429971811e-01,7.199785135960135030e-02,2.584043446726778104e-01,-3.669900164068792270e-01,4.952432215713293250e-03,-1.765547497598483617e-01,-2.255308134256479771e-03,7.394426707058136816e-02,1.890231956596825080e-01,2.556383970383692694e-01,-4.408889863702489254e-01,-3.392456790778044379e-02,1.642465417074043948e-02,-1.765996641520593269e-01,3.662034212956061796e-01,2.118707908374808657e-01,-1.411364774981165304e-01,2.411337157441547363e-01,2.757129029363007966e-01,-7.190837645130716826e-02,6.063513014022033770e-02,-9.800543558606655825e-02,1.548555146495479151e-01,-4.793250102529924006e-01,-2.640505552358348718e-01,1.540211407678125366e-01,-2.120850318962065606e-02,1.229050913521309435e-01,-1.579418877250429454e-01,-8.262731210174428798e-03,5.111478867570563855e-02,-1.736039674805064381e-01,-4.675207131156003393e-01,-3.903102889014720134e-01,-4.437432665426162270e-02
-9.443890512856453756e-02,1.104929980101574533e-01,-1.152809774419158856e-01,7.740494207778624014e-02,-7.709082860967669815e-02,1.801877158419593894e-01,2.631036832384714974e-01,3.354760145388434034e-01,-4.094063792292581550e-01,-2.334998085486663377e-01,1.746489090784402731e-01,4.372895069232066723e-01,-4.148239218751548774e-01,-7.540685000255058501e-01,2.534101160801235375e-01,1.459164507737649163e-01,-2.052375610507450876e-01,-2.621698398030990473e-01,1.095466113162170546e-01,-2.217424275117391985e-01,1.747261460674823519e-01,7.835499786648150722e-02,-1.744649329522234837e-01,-1.373662221432803698e-01,2.046080543456179346e-01,-2.223453370226623482e-01,3.275564288332148410e-01,-4.772911644975940115e-01,9.435061567326129273e-02,4.011347276705477527e-01,-1.722639530936177082e-02,-1.591858069434073097e-01,-6.664175957710402722e-06,-1.476088638401593656e-01,-1.123057399631738479e-01,4.029094858078113295e-01,-1.223131377412992465e-01,-2.699296233773151518e-02,8.937283189652980853e-02,-4.734850965044738458e-01,2.075641688716169109e-01,-2.973782164895145130e-01,2.841440409510868070e-01,1.828774659886952259e-01,2.432031914797955219e-01,-1.641975939547625774e-01,-4.702551447553161013e-01,-4.944250782748729756e-02,-2.195850620481645810e-01,-8.913000857327868509e-02
1.966243805017795221e-01,3.701461182110826198e-01,1.968749381994893133e-01,-2.627139311868118554e-01,-2.035138494172905876e-01,3.764447625425364485e-01,1.700363658076875506e-01,2.658007655148558745e-01,-1.747216710480731516e-01,1.145159333136596125e-01,3.753176599027170379e-01,-1.256598268729829104e-02,-2.455570874725347685e-01,-2.053166906871497499e-01,3.642244465835963729e-01,5.292349468872111773e-01,9.878647005647818446e-02,2.614975799595578021e-01,1.732891724222274665e-01,9.025221328699457868e-02,-1.537472508001161420e-01,1.366701801667496718e-01,-3.047076668422643020e-01,2.421173014062127579e-02,3.943361591375368902e-02,8.842685604779315645e-02,-1.299507737313373434e-01,4.537834500487576417e-01,2.311548535559962148e-01,-2.628789133029597602e-01,-2.437922847970360463e-01,-2.119918651914175500e-01,-1.867764513145144800e-01,4.118853485599089925e-01,-1.087009855486082144e-01,-6.576143849162259525e-02,-9.462686942590417538e-02,2.463825966792476951e-01,-7.323619475159917624e-02,2.938479024840440212e-01,-1.809930124437907906e-01,-2.008471892087475008e-01,2.387479396834744916e-01,1.178162772467823138e-01,7.823158939258081923e-02,-3.512810131301020711e-01,-1.155225304308033080e-01,-1.742450811876315730e-02,-3.086791810020507176e-01,-4.233915183964331169e-02
-6.919785266576837512e-02,-5.699800820494486941e-02,2.004990476021573792e-02,-1.682524901206688128e-01,9.435702540743780287e-02,-2.074765168878527771e-02,4.149464699016496699e-02,-1.028972945159259689e-01,-1.654460323172554648e-01,1.899170121580964765e-02,1.231783938526603561e-01,-2.270355397908636053e-01,1.080595770795004240e-01,8.115342365475322617e-02,1.710772826182095085e-01,-1.798806932071379469e-02,-1.965133726261730773e-01,-1.082502523345252043e-01,4.395838288446740627e-01,2.742543123817242634e-01,-7.425973596919185904e-02,-4.763975983138402093e-02,-7.547680810324580193e-03,-9.337095794409390470e-02,1.368105374268830943e-01,-1.604638386391584945e-02,-2.708606018359477341e-01,-1.901108121419753105e-01,-6.773775947824402406e-03,-3.563204021103665714e-02,-1.431473052111529864e-01,-1.192373908781277185e-02,9.095359833308422348e-02,4.619574087986609290e-01,4.822029668447956607e-02,4.116282092383238278e-01,-3.284772668416736097e-01,-3.473955734455293487e-01,1.487641181519080980e-01,2.040929628989970324e-01,-1.973737473525505881e-01,-6.528530680300749511e-02,-7.888296869473711004e-01,-2.588808329604597724e-01,-5.455532677449714818e-02,8.878412468717240824e-02,1.499211393162954431e-01,1.957048232772666263e-01,-1.531647824388962242e-01,-1.071470226125807446e-01
-1.677102453756886546e-01,1.700258042749769050e-01,-2.782405496528058131e-01,-2.357176896000863844e-02,-1.322147847562620826e-01,-1.506015565298442216e-01,4.955938064974645951e-01,3.873491416734103354e-01,-4.583630214863819163e-01,5.044324696187879598e-01,8.527892233930584043e-02,-2.898438528132054604e-01,1.214784511788079141e-01,1.310874421769534781e-01,1.326526419240295906e-01,8.031572295108431458e-02,-1.522356351834268651e-01,2.405179094579680821e-01,-1.774864715728391162e-01,2.378727665952515002e-01,-1.109057813664251352e-02,-1.855428963246683050e-01,-3.053911092567918595e-01,1.469762783094672454e-01,1.909940410602250227e-01,1.990796166706053916e-01,-7.424979839759500433e-02,3.232818562437454468e-01,2.754639266093098296e-02,-2.150442517328319050e-02,6.927937035110198760e-02,-4.367184610279950530e-01,1.150310286244866087e-01,-6.890151111941267281e-02,-5.581112463588035200e-02,-1.051907148683772636e-01,-9.353299791260132057e-02,1.160499996424697172e-02,-5.331062574266877407e-02,9.291568720641416035e-02,1.733336065391459235e-01,-1.444938061759094006e-01,-1.960278748510598662e-02,1.182137964631854304e-01,1.030114936541413201e-01,1.527605829070652899e-01,-1.519327097084066658e-01,-2.994026304920137660e-01,-1.122794625861035789e-01,-2.387888415099601314e-01
-2.760120246712704506e-01,-2.501031681778649873e-01,1.256304110806960028e-01,-1.823466914120720206e-01,1.563257382422406083e-01,-3.832972115317197226e-02,2.491134117298588468e-01,-1.010478766264162886e-01,-1.542075563944339811e-01,-1.897935409516045280e-01,1.034588996244993446e-02,-1.537935063191980985e-02,1.841981505758030213e-01,-1.945708860972198972e-01,5.631203271335701033e-02,1.150747960670227138e-01,-2.382372764657769426e-01,5.965480978942257206e-02,-1.232597050298015334e-01,-3.789404191121938104e-02,1.604227969136176046e-01,4.284582451445442114e-02,-5.088300858001645333e-01,2.803217520683098929e-01,3.710937253122194301e-02,-1.654365565072520028e-01,-1.370097846569187372e-01,-1.414549203619891449e-01,8.290813039879513235e-02,-9.078278140910557570e-02,-2.730695849452551283e-01,-1.387605401563428709e-01,-1.430085449496130701e-01,-2.568961167729983952e-01,3.895881200843557407e-02,-1.664382742337028667e-02,-1.065708447104871393e-01,-3.523910433649788954e-01,1.944764590727881548e-01,-2.229275592779711712e-01,-1.407251126248817985e-01,-1.423415627428357144e-01,3.136516500387909745e-01,-2.494064955617833826e-02,4.049987853298821217e-02,-4.345501222016689286e-02,1.039449555176617385e-01,-2.537719899078280661e-01,1.379483819769946051e-01,2.386977335300495273e-01
-4.044038263508323294e-02,2.509397251097185144e-01,-4.192262500390780411e-01,2.978046214619611831e-01,1.847644756322086579e-01,1.374546849834560602e-01,1.398717405742842812e-01,-1.576950518995196560e-01,-4.867746666343564579e-03,-1.568878550837238262e-01,3.489989316193727736e-02,-1.534955130199213702e-01,3.921247179378096748e-01,-1.437940329248487137e-01,4.553141141986145612e-01,1.655706464021838298e-01,-5.970194917376162730e-02,4.435224158612517398e-01,1.137260025801933860e-01,-3.165508030536595130e-01,5.709573872572512032e-01,-3.330684083112658289e-01,-1.998902087012679463e-01,-2.913405054805841624e-02,1.769662046807490563e-01,-2.461081967447602270e-01,-2.550484648373391172e-01,3.355089948070582029e-01,6.642968412957285518e-02,-1.786479229025756399e-01,5.850417865242900015e-03,2.203098141820213629e-01,-5.680557984284765466e-02,1.267109318847781940e-01,-1.251499817088807809e-01,2.512146214028529098e-02,-4.969063609116355917e-02,1.641986859051633441e-01,-1.996455812456728596e-01,3.788488041645881044e-01,2.427668952105481101e-02,-3.220739114128119418e-01,-2.276944590941173269e-02,1.260280461780817485e-01,-3.321395983957981524e-01,-1.185518078714911140e-02,2.272536717699494835e-01,1.560548754022861584e-01,-2.107206817463947168e-01,2.411692566125004517e-02
7.246491307128213356e-03,2.003476656097367414e-01,-1.948313125380744248e-01,-4.920343183521633246e-01,-3.023740687124871346e-02,2.295874788595873330e-03,1.916234052367791207e-01,8.211219750209236556e-02,-3.944400864265570905e-01,7.887376679164158355e-02,3.133187055434816792e-01,1.598001135620036317e-01,-4.929125875669219670e-01,-2.570779423895904192e-01,-1.352415973691778184e-01,5.972531514823333776e-01,-2.533258716525613741e-01,-1.544560926927930067e-01,-4.988073223083018815e-01,-3.590155153473079674e-01,-3.806681506003991022e-01,5.163763995408240243e-02,1.990781512200299197e-01,-4.591291473468015610e-02,3.928917307179666252e-02,2.800604739664863674e-01,-1.881053323928620069e-01,-1.722217570871839021e-01,-2.065937017641445717e-01,2.524747297498952103e-01,7.283063410641729685e-02,-1.533390211352300136e-01,-1.023642883700449369e-01,-2.263101214851152149e-02,-3.580759719435112898e-02,-2.874839124726434325e-01,-4.115362869551489854e-03,2.840144158124561780e-01,-2.020323055048625360e-01,2.452212578694812906e-01,-2.379361359913026164e-01,5.050857735773218310e-02,4.344463435418131625e-01,3.903640180103650215e-01,-9.711422620786646850e-03,1.913094145313414263e-01,-2.343208908900872856e-01,3.073146144606053731e-01,-9.117979285481973839e-02,-4.748826868576363491e-01
9.229895823099083796e-02,-2.312055752022220967e-01,1.386594106114765190e-01,-8.791775182313953108e-02,5.924977049343225360e-02,-7.759042881955457993e-02,-1.116657875549711826e-01,9.476227161791470066e-02,-1.715270198020207859e-01,1.848679361969695137e-02,-2.071528110262020883e-01,-3.038139044180335202e-01,6.812308890166850206e-02,1.131168965368479357e-01,-6.216511822856835706e-02,-2.287245562118249975e-01,-1.686890897263730593e-01,5.882878318686325658e-02,1.662907448175461878e-01,2.140653021723047389e-01,2.480595619915182681e-01,-1.743624540393193811e-01,-2.408616151964897839e-02,2.302106066490372804e-01,1.292206984388805657e-01,-1.565467258433119943e-02,-1.757362847300397365e-02,2.955854616495535159e-01,1.217124366053356083e-01,-4.200941431803327242e-01,-2.333045345208024646e-01,-2.890890946291484187e-02,-8.624391323998159553e-02,1.567019698652429571e-01,2.564645329501962778e-01,5.217482600896659051e-01,-3.957852890981758409e-02,1.528783857586150929e-01,5.716745844737692456e-02,5.407076988074818735e-02,-5.534215886753582891e-01,2.018940023226065694e-01,1.129410843509884160e-01,-4.476325024673729475e-02,6.096186900661284408e-02,1.084334008617276884e-01,-1.132275119514468686e-01,-2.229061085126539388e-01,-2.399146434416642715e-01,3.714595085037920505e-03
2.139994978887908850e-02,-3.004949927931246934e-02,8.376845598935542259e-02,1.865003157192068883e-01,-5.226452523213782550e-03,-1.091927453137020165e-01,1.575594523486218423e-01,-1.616872676741746284e-01,-2.123892889793590755e-01,-5.174352288720175386e-01,1.943796490081927675e-01,-1.924925235853638672e-01,4.522424021164689334e-02,4.262995635815906154e-02,-2.308731232915016418e-02,2.672109991875397106e-01,2.313136048473078132e-01,-1.650274001603552754e-01,-2.579281912123728912e-02,3.191210812929346635e-02,-5.375345855000750878e-02,-3.347766368200861820e-01,-1.207642341310951467e-01,-1.635006164957111818e-01,-2.257302810326865250e-01,-2.656144282080871166e-01,9.661274703233228844e-02,2.378125397677934849e-01,-4.268523681690786775e-01,-1.489742366733449730e-01,7.364191928501437334e-02,5.783697876150345474e-01,3.203185298499961614e-02,1.454464590248376044e-01,7.928856460445798948e-02,-4.832467767949315263e-02,1.440486248549911752e-01,-1.870407609671067006e-01,-4.646448952366806218e-01,5.078032754042496322e-01,-1.326425784545516018e-01,-1.457520210008285688e-01,1.200538520092753747e-01,5.279406340496137218e-02,3.605690774436173113e-03,1.870077787130110941e-02,7.917316848786566663e-02,-3.050250877623977286e-01,1.284883281498949981e-01,-3.253877038099779739e-02
1.660838573362986414e-03,-1.492247359239816905e-02,7.914998085920210702e-02,9.216094855668148511e-02,1.239566015563111356e-01,1.023526137585935303e-01,-1.344696019337862369e-01,4.200839895570004923e-01,2.415490535363734592e-02,8.493417248208479445e-03,4.544866210028990564e-03,-2.079161319905971361e-01,-1.679668480707970646e-01,1.306889599914959066e-01,-3.065137572207437544e-01,-2.230844658235261180e-01,-1.498475971880943169e-01,-4.077521862302074251e-01,4.407150988895099791e-03,4.018546338586043848e-02,-4.059347496230667623e-02,-1.737520075606836800e-01,-5.374815976457647179e-03,-2.771077820967562388e-01,-1.560324690756907662e-01,-1.864225856280661286e-01,-1.078725255276855900e-02,1.806572213198288090e-01,1.495060689400518894e-01,-2.623440083272564061e-01,1.612168590165965198e-01,2.034673952213729084e-02,2.585140042806170491e-01,-2.508082118635794333e-01,-1.277720128791607068e-01,4.999442288522055328e-02,2.566854193216512869e-01,1.577523515328840276e-01,-6.306947321877426349e-02,-2.388096852572060280e-01,4.911448182399067997e-01,-1.525121270805290807e-01,-2.579411200329091436e-01,2.766793098576961762e-01,2.251494731253140813e-01,1.652554243910776821e-01,1.013561506422264585e-01,2.479704027143579403e-01,3.595885454486252852e-01,-2.098645773495358136e-01
