1.578881987103909479e-01,-2.751258000377863611e-01,4.714862557562731205e-01,4.989002111348819213e-01,-5.974615633309305895e-01,3.442105004210802566e-01,5.852886644221289665e-04,-2.665217950965244054e-01,-1.351141006284848345e-01,-2.752806203700576201e-02,-3.360551327130316124e-01,2.431773631660604298e-02,1.737216134089697162e-01,-4.087956713384498925e-02,1.879921847724284334e-01,-6.611300337028876983e-01,4.836789072175815864e-03,-3.082985734418225432e-01,7.662041240872634329e-02,3.856824102341079863e-01,1.304103162032007601e-01,1.922681947250475532e-01,2.707155497956225121e-01,-3.623975498856698563e-01,1.974978999335105789e-01,1.798668514078993474e-01,-1.406171078373822866e-02,1.060841657785979858e-01,-2.733375892496073822e-01,2.574168169596565692e-01,-8.646101752858660616e-03,1.139731650828038068e-01,2.533796348358966985e-02,-2.370630954572760518e-01,-1.871541180712737729e-01,-1.680994665540906097e-01,3.871613281132939288e-02,1.520256873487549898e-01,-3.985229812387537929e-01,-5.098164511802968368e-01,-1.637989048902834810e-01,3.425791924476370709e-01,-1.685717598520851792e-03,-5.677800550888086883e-01,-2.096719595949645965e-01,4.081656555820342702e-02,8.634625456616162875e-02,3.054617276538210136e-01,-3.234757465324261672e-01,9.203104816172050229e-02
-2.644764925452011139e-01,6.157104377059312295e-02,-4.641260604752885793e-02,-1.327962087847257278e-01,-4.120478944435156388e-01,-6.113541649291899249e-01,1.697389213973076183e-01,1.215608270685501618e-01,6.830219652615151515e-01,-2.734431961193368177e-01,4.605851407448789403e-01,-2.016800752175922085e-01,3.428952285737471017e-01,-4.271739577205501681e-01,-2.281898832755745732e-01,-4.214649555638561584e-01,-1.039750172120349064e-01,-1.285196071051520894e-01,-4.322549818672283967e-02,1.058073969139348980e-01,6.285475895718229955e-01,-5.024550269142010611e-02,-5.888599226370185707e-02,6.786843761772155537e-01,3.646713910718671348e-02,-2.988521622077703888e-01,-4.730703668487086788e-01,-4.073239382068070680e-01,-2.198517371468327319e-01,3.858353745953163605e-01,2.566430080771269634e-02,3.507685020183681224e-01,4.736551611897460989e-01,1.494605150914054270e-01,-4.218245525011742880e-01,6.836506020431077912e-01,-3.010159152507201896e-01,8.580729994614747502e-01,2.215990829231792580e-01,1.515846917815766581e-01,-4.622153570973460690e-01,2.086540805948550181e-01,-3.614350482052583469e-01,-1.063692981698304285e-01,3.836705881603086898e-01,1.064732663656280942e-01,-6.885291617950115017e-02,7.908577257036338848e-01,1.378300836783121208e-01,1.889085889230565085e-01
2.347935474530672348e-02,-1.072459042313247679e-01,3.779096738050763959e-01,3.848269986656066566e-01,-4.899350340367837342e-01,-2.380336356497850248e-01,3.085208749661718652e-01,-3.694690207101763990e-02,1.360779022332349042e-01,2.761582202423469301e-01,-1.692857317704966058e-01,-2.442192918756331821e-01,-7.871594504008058157e-01,3.093174873991319518e-01,2.132204982020387829e-01,2.801414888963072447e-01,-1.345192149089345091e-01,2.968864978654105480e-01,-7.102959132506896089e-02,-1.903297995991157510e-01,2.492438915314584835e-01,2.694422105849863733e-02,-2.768155799588256083e-01,-4.731875544335402139e-01,1.914897415114218959e-01,2.192660273893065059e-01,-2.194216491231485433e-01,-5.385801718451577874e-02,-3.070622055368942838e-01,-7.540861522126429684e-01,-1.727099100553798616e-01,2.128890804995180880e-02,1.400840316779187189e-01,-4.691960771206963865e-01,1.077480636770218603e-01,1.206444904222104542e-01,-2.180253268702820602e-01,-3.031347045779491101e-01,6.716953507859512590e-03,1.718012790322827055e-01,2.584736361236020796e-01,-1.421156171429276416e-01,-3.794800440974003819e-01,-4.337976328015289568e-02,7.244569317548464893e-01,3.156866534508315780e-01,-1.343153417588960896e-01,-3.465100293869950443e-01,-2.013783671955373944e-01,-7.313588102755615994e-01
2.839804407893518068e-01,-4.873842891872678940e-02,3.452753975594938241e-01,-2.180375767018568889e-01,-2.606043708618681620e-01,-3.733920042793513749e-01,-2.319790593668719647e-01,-4.060001775424130210e-01,-6.335111267299456950e-01,5.874008263851548950e-01,5.188397710737718653e-03,2.096485113078773999e-01,-2.993820987876575912e-01,2.982737044087571121e-01,-2.217911055248283358e-01,-2.116710257129247041e-01,7.681836620472615174e-02,-6.366892275173119398e-01,1.972169136986326454e-01,-4.376038968350842717e-01,-1.261905280522901962e-01,6.553179487492609701e-01,1.830216744997684164e-01,-2.460551031022276958e-01,-1.869592845488847188e-01,2.228969302910307204e-01,4.336467258405104497e-01,2.291174993880072952e-01,1.745081031736432642e-01,-2.175076718414542878e-02,2.034894149586699563e-01,7.262785443256163376e-01,-3.106338512914768590e-01,-5.554748192794259909e-01,3.327912110847302540e-01,1.743454354163541387e-01,3.209351276740544101e-01,-1.036403610456931509e-02,-3.146006815317575200e-01,-7.662748439760709573e-02,9.446138623415141211e-01,-1.528969856647474923e-01,5.810423951470088388e-01,1.024509510629636050e-01,4.936464175226938922e-01,-3.966017634757514343e-01,3.720163554855440008e-02,8.891394525081154632e-02,-2.817987717876927478e-01,-3.425869166838008822e-02
2.474327980534984650e-01,-1.436818974760571167e-02,1.394372098477600908e-01,-2.801164335305912356e-01,-3.262241137841797589e-01,2.712370751135452784e-01,-2.125206868887273212e-02,1.002054083997449829e-01,1.478998524233234302e-01,-3.905868333966395767e-01,-1.049151635366408070e-01,8.033431033640151542e-01,-1.606938253678810435e-01,-2.538550175637755424e-01,-3.309794749176733775e-01,4.158324221192074566e-01,-1.296574043401548804e-01,1.327448167278301172e-01,3.426530504370190466e-01,-9.688754656538069165e-02,-2.586413465331858785e-01,-2.367761565405950355e-02,-7.826499701491734795e-01,-2.454390080670144046e-03,1.296155938882660452e-01,3.331839237393600245e-02,-5.552781783010845018e-01,7.482196047738261246e-03,-3.761449508778144102e-01,3.935559173260740340e-01,8.290995206284962338e-02,4.275103301981815762e-01,4.086874961999018008e-01,-2.779321795570798281e-01,1.659326624683817308e-01,-7.516054034764531322e-02,3.069987464766874008e-01,-2.310061674566498413e-01,-3.436667319768307305e-01,3.360324792264892668e-01,7.885505174298122755e-02,-6.387379607563735684e-01,1.502783354357352941e-01,-3.169942191939507242e-02,1.348469128731707121e-02,-2.582351538871701102e-01,-2.862517629598132149e-02,-2.834209238130842162e-02,1.343364882540037386e-01,2.232794233417424168e-01
-6.909950643628612887e-01,-1.566212520851680279e-01,4.953707621751589629e-01,4.685166527179400742e-01,1.547949305891249405e-01,9.761304629166182856e-02,2.462318577031825106e-01,4.434825708908279179e-02,-7.374867515762474623e-02,-2.699449283132264732e-01,-1.640215685051069905e-01,-5.135461981278186677e-02,1.771196371816453063e-01,-4.842359286334810831e-01,-3.762728761507295322e-02,1.845379609276920074e-01,-2.931485993190613981e-01,-3.624183560676032534e-01,2.089015817586382107e-01,2.926492144591383848e-01,2.860418583819960836e-01,1.616931843767810406e-01,-5.927771106975625592e-01,5.669898882524216505e-02,1.247715430927541780e-01,-2.073547967353213395e-01,-2.918712131182962244e-01,-5.959493585252078063e-01,1.054086317394350575e-01,5.593969384215428109e-01,1.952943229428263927e-02,-4.956488052149602419e-01,-3.644496386258112147e-02,-1.756685038452318326e-01,-4.481212415046701425e-01,3.134461575708993308e-01,-5.072381914372384171e-02,-2.304296568546314594e-01,-5.175840532710074271e-01,-6.637087571172345379e-02,6.783804147764818104e-01,3.789116260889699439e-01,7.230778272448885879e-02,1.819714413520263363e-01,2.555079062060098410e-02,-3.654667989207480150e-02,1.269738238564122913e-02,-4.891871340133389923e-02,-1.684341819252244132e-01,1.829434675609633298e-01
1.282778507655630562e-01,1.546823035248539868e-01,8.579329217303996447e-02,1.208310027084171095e-01,-1.691296243941621535e-01,3.609054351798854365e-01,5.764654555493766708e-01,-2.361223982952995182e-01,2.593639342214209553e-01,-4.334779093745925738e-01,3.552007569710257107e-01,-3.947486961351076018e-01,-5.689807815177911898e-01,9.480096563360507211e-02,1.699551470650331395e-02,-1.654172380972380452e-01,5.825129275411677909e-01,-1.957941969007218064e-01,-3.268710953107947792e-01,-3.451154492056678902e-01,1.847544841861268605e-01,-2.246839111008230583e-01,-2.622270205359005651e-02,5.316840959836034719e-02,1.481151369565266440e-01,3.256541188195578029e-01,2.372654449042128633e-01,-1.340191799641024251e-01,-3.758361977464765025e-02,1.577556781026684396e-01,-6.883332985365853141e-02,2.586727834799916748e-01,4.655977867108131996e-01,-6.866402830709436023e-01,-3.049819493815507099e-01,4.041141021932352362e-01,2.377994493301230639e-01,3.259632092355244093e-01,7.318000855694483109e-01,-5.449663711109439812e-02,1.765908512244106221e-01,-9.490250960677155956e-02,3.140649265878237006e-01,-5.583046806657648159e-02,5.256214786625368340e-01,5.538901769423913990e-01,1.893589861959973086e-01,-2.671074732522480955e-01,4.726756336089916188e-01,-1.388998388924457261e-01
3.022325504816754660e-01,-5.529542427815983263e-01,5.789414363536486974e-01,3.184262114822548062e-01,3.040618776778898358e-01,2.290366601046650227e-02,-1.530228517704958768e-01,4.260350263041265961e-01,1.203188909284481634e-01,-3.143113770133204588e-01,5.788889328767864439e-01,2.319546488478491097e-01,4.852338209381221734e-01,-3.835071911527225819e-01,1.062062086184961535e-01,-3.100500230897609844e-01,7.247666302046104625e-02,9.409497608938005228e-03,-1.534562717429771850e-01,-2.922150519237751154e-01,6.745624317103118828e-02,2.377093330110365832e-01,1.003165946768104673e-02,1.835254281897515938e-01,1.012492736656778886e-01,-1.869383412102379183e-01,-3.152296078104107613e-01,-4.272698314275490961e-01,3.913670136020154511e-02,-5.823178646285347426e-01,-9.845665778497020293e-02,-4.653098654520561595e-01,-3.294321493585904426e-01,-6.165152757339871226e-01,-3.949956391206263517e-01,6.555590115669505114e-01,3.439731398243724980e-01,-3.491996320961283096e-01,-1.134178882740570216e-01,2.907761562234477126e-01,-2.134504448251606235e-01,3.253169869158897276e-01,5.148987908260567181e-01,-3.289628844445066091e-01,-3.705415924199237931e-01,-7.906313530530519884e-01,-7.689581278833756452e-03,-2.215304291625110056e-01,-8.142455800851740658e-03,-3.701410467903883394e-01
-1.816237322658148245e-01,-1.189546162258669826e+00,-4.046862204335112678e-01,7.098954084190908786e-02,3.419562288842372677e-01,1.379725711227927643e-01,-1.188671274671923295e-01,-2.406698414780801369e-03,9.091568312452773248e-02,3.462702487010426156e-01,2.076006007453863600e-01,5.798448054284598419e-01,-3.000815207165321574e-01,3.047155210725702723e-01,2.179559646115777349e-01,1.073050452348049966e-01,-9.318378312374479833e-02,-1.334144656769595538e-01,1.215225794351239633e-03,1.394720400315296038e-01,-2.357901878474255586e-01,-1.837603125469417786e-01,5.080801745861172058e-01,-2.019011466608127137e-01,2.959252734334464341e-01,-1.729600100734605406e-01,-2.889988328089891298e-02,5.924616818515159901e-03,2.380363026108019142e-01,-1.439356513423081518e-01,-4.422647511809130738e-01,-1.088674895339857701e-01,5.838239237215582522e-02,1.464812682675763894e-02,-6.213713964580752994e-03,2.575359399612759878e-02,1.608445316684358473e-01,3.763145334908987120e-03,4.328622128953389381e-01,3.461343084726293817e-01,-7.251207731597906214e-01,-9.194581135999536914e-02,-1.794053870370321824e-01,-4.492326856602201213e-01,1.240837622084551839e-01,-2.271723144602842137e-01,4.319756241489884352e-01,-1.363187243071451067e-02,-3.263160106248084169e-01,5.306450481108333610e-03
-2.737356044118513521e-01,2.862935374867330851e-01,-4.031026363623623765e-01,-1.173413032149633745e-01,-7.642317841906105524e-01,-7.471050388248845486e-01,-1.151926964037446738e-01,6.226936157451132270e-02,3.622333557032225704e-02,8.012079601004175045e-01,-3.412411129730085757e-01,-1.980508545389734476e-01,-6.993013419883803428e-02,2.630328280689120390e-01,1.378956647202254082e-01,3.444095472008012471e-01,-1.621554965857791297e-01,2.319486675734536152e-02,2.465535345782492171e-02,-3.804638200596598963e-01,7.743184882097120525e-02,7.636263743307930563e-01,-6.474136340216141150e-01,-3.059456996473739476e-01,-3.386128464629695745e-01,-2.866654299154972746e-02,-3.609352776748759317e-01,3.621440008397992100e-02,4.303406303111499687e-02,-6.682605004892733236e-01,-3.763340582137572610e-01,4.286961684237933917e-02,-1.650154058059229503e-02,5.459067561893626852e-01,5.304816169840627094e-01,3.392001677603544846e-02,-5.135869357065887542e-01,3.182263451876375937e-01,-6.595828435850070726e-01,4.910609228144758309e-01,1.726359606394940738e-01,4.404842710062985556e-01,4.064536407598215439e-01,1.302739652273511572e-01,1.565126694312235223e-01,-3.893985164733315130e-01,1.924394232937603477e-01,-5.733500065449902428e-01,2.816891137557174241e-01,-3.125943426450156215e-01
-4.103496722514325401e-01,2.845022604121638654e-01,-6.319434516019034609e-01,-3.131952597336623567e-01,-4.523999780791484460e-01,-1.368937902085223535e-01,2.901521648038256074e-01,-2.082480105660049485e-01,-4.115596576303009457e-01,2.518874188698374053e-02,1.815288460087920996e-01,-1.971396772363116223e-01,-2.242242035500637831e-01,-3.112616269988024431e-01,-2.986434128200025073e-01,1.402755052755033927e-01,-1.432539122322788738e-01,-1.632982555306493055e-01,-1.772456979050279491e-01,-1.302688554561159118e-01,2.886942274009087206e-01,1.891738976688123464e-01,5.504515093562052375e-01,5.363481146612242983e-02,-2.066949937847983032e-01,5.094103847360010873e-01,-5.153103243028457625e-02,-2.512416808324721140e-01,-3.638969641023259705e-01,-2.583929433368368708e-02,-1.705410557070032029e-01,1.730094808041658105e-01,1.694001085267937690e-01,-1.291063295076197437e-01,1.463649913648459033e-01,2.218723385386396282e-02,2.456089578096098958e-01,5.276501104733171132e-01,2.769151277572950987e-01,-5.790588738777194960e-03,-5.517370128083705274e-04,-4.668974260829773099e-02,-1.703366245493564135e-01,5.004895847901357636e-02,9.984055091950466698e-02,-2.306772255593254883e-01,-2.653113650769049481e-01,2.261075309398843103e-01,-6.979875134077205556e-02,2.315465086257497973e-01
1.818527242857417847e-02,3.623365093602533560e-01,4.396354801889302832e-01,-1.565151933934015582e-01,-1.700437680715705946e-01,-1.299035551526459276e-01,-2.108719359104025137e-01,2.384614716698480186e-01,-4.752479578560354634e-01,5.906608554660300880e-01,7.989971247555727185e-02,2.566971697723012882e-02,4.984316972743634278e-01,3.352085815296639848e-01,-2.480738894151484908e-01,-1.793780901522306903e-01,-3.645054202424501955e-01,3.245307305332349457e-01,-3.135223309539124648e-01,8.669638534758312975e-02,-2.634410764601648469e-01,1.657906063499571536e-01,-4.940403418184858425e-02,-5.558240543674840550e-01,1.056139515356060848e-01,-2.384782147376334482e-01,2.893075648785662923e-01,7.174247037629637169e-02,3.259091441508692455e-01,3.099541438376758884e-01,5.756114264450749030e-01,-4.384233234302590820e-01,-1.339543538796168498e-01,1.138343090018199312e-02,3.952260137224025138e-01,5.686261519573468926e-01,2.726802743638013227e-01,-9.011121715756147121e-02,7.634637505895423837e-02,1.622297441007305718e-01,1.603477574760672764e-01,1.547802729846838726e-02,-5.765358365520720785e-01,-6.217776989242462804e-02,-6.447409405101922619e-01,1.644899476668576846e-02,-8.082988274787098470e-01,8.351771054824019824e-02,-4.658030629435194747e-01,-5.231407846666260575e-01
1.456971143225664067e-01,3.188632583239686680e-02,-2.645924313022285923e-01,1.082016783353767359e-01,-2.562265537235819957e-01,-1.157142971493019118e-01,-2.622273356214326889e-01,-1.965740241574654712e-01,-2.113073031119774015e-01,-1.957074983299617599e-01,-2.777570576113040368e-01,7.088161283603785501e-01,1.955828599916724087e-01,1.061958229199081866e-01,-1.905593490887436126e-01,1.060301386439293364e-01,2.476865942073565585e-01,-1.358944015125319593e-01,-2.596177990332709795e-01,3.402947969445173082e-01,1.056324759962849746e-01,-4.933635623313056828e-01,1.412405072117696447e-01,2.913386343054378824e-01,-3.325967466932290839e-01,1.605304244029478467e-01,-1.510361463281389705e-01,-8.973790594674525833e-02,-2.658638992023767411e-01,3.802836002785813657e-02,-5.868605417267716007e-01,1.150232252414152556e-01,1.678480746946359181e-01,-6.030326719083932696e-01,1.212033229141030732e-01,1.429270797445141294e-01,1.880917043773428290e-02,-5.792772082791463467e-02,-1.222693929580022940e-03,1.538289740311769016e-01,-9.091724768076911434e-02,8.841155415147804175e-02,9.360743658795249444e-02,2.141171107108140210e-04,-1.005146498136979538e-01,-6.554785108771039870e-02,-1.904786658755780182e-01,-2.838990072451423874e-01,1.583124568408167399e-01,-1.864247122765038678e-01
4.934883638962516694e-01,3.412557837483448653e-01,1.098793827392147565e-01,2.089600291044712566e-01,2.497159818533626063e-01,4.089702162371136041e-01,2.737505067978669437e-01,1.081527351381335149e-02,1.314167803762937015e-01,-1.114224232219317712e-01,3.957030972128005586e-01,1.190122547639343109e+00,-1.059128563674466145e-01,3.615775999351344416e-01,9.324255060548965190e-02,1.779989463129785232e-01,1.867003292309371287e-01,-2.865469338021454232e-02,-3.600828123114016566e-02,3.508261584840196012e-01,3.106023067598364107e-01,-5.428855512910126802e-01,2.437455221025841279e-01,-4.150873937526973756e-01,-1.269618660765064189e-01,-3.096455101133042676e-01,8.273807033371202713e-02,-5.044590833534311480e-01,6.925722298174888381e-02,-2.094574539895506793e-01,1.396709995178544716e-01,-1.137315766127817984e-01,-1.588136267097594104e-02,1.662963820853576580e-01,2.735477011916691570e-01,3.877121773429186014e-02,3.524527035030917133e-01,5.888410285466021410e-01,-2.261761980968962915e-01,9.122077820870679032e-02,3.172817957921792581e-02,3.100682899226608336e-01,-3.570789670531046012e-01,-5.652987605932749959e-01,-8.263843757084918251e-02,-3.567698221276789927e-01,-8.960394079501114994e-01,1.986733426478864140e-01,-1.876411345890414972e-01,9.059105657947590096e-02
5.024604313735909766e-01,1.329356437231440403e-02,5.603393369981970462e-01,-2.885597218931457153e-01,1.036574923461202613e-01,-2.139276653214425838e-01,-6.261474991349876007e-02,4.199593673674309469e-01,-3.763444540468388610e-01,4.531445991788561889e-01,-5.639233592104205828e-01,-5.268661491598340962e-01,1.325803540953982562e-01,-3.961324461876419845e-01,-1.116111691425986790e-01,-7.613199256627078970e-02,3.242429622829207797e-02,4.297097995882322441e-01,-1.657329531601525394e-02,-3.097525704439362260e-01,2.318165646714118733e-01,-7.283001873451724895e-02,-3.524158191717396971e-01,-4.829693089858048682e-01,-4.684873398244646103e-01,-3.549105035189354523e-02,-7.550517330957242160e-03,-2.916744135304984442e-01,-1.195528346261161799e-02,-3.157392416697828441e-01,7.549200812172495167e-01,-4.310885279580521645e-02,-2.570472625283951040e-01,2.649049065401766212e-01,-4.086062089871929093e-01,-3.268667480344081278e-01,-5.706487120156397003e-02,-6.165036403920641783e-01,1.159782440109825702e-01,-2.864423804100753659e-02,2.561471010413409743e-01,-4.935002973709466390e-01,-5.105014425833367397e-01,3.429196150964946427e-02,-2.040221274428178355e-01,-2.243174086188514105e-01,4.150727997005246306e-01,1.015089568658938957e-01,1.791690036788605445e-01,5.874338972594360664e-01
2.377767612947871978e-01,-3.444904646301421014e-01,4.079282620596704212e-01,-2.732133035660844200e-01,-1.735291738703361730e-01,2.174490634458905308e-02,2.695089237901814871e-01,3.437555163299752664e-02,-2.690491002480676075e-01,3.952698431490013209e-01,7.529411319847261197e-01,-1.822445516946866184e-01,-1.847159511101990892e-01,-4.903239724240827657e-01,1.652650354838463773e-02,8.494355387384512623e-02,1.020699844287659835e-01,-2.649112886367542274e-01,6.012387299511516847e-01,1.561482559645626100e-01,-4.257520536142742063e-02,-1.456405686434962543e-01,1.849179148919460891e-01,2.187841772753214564e-01,3.549192391393135582e-01,1.666970509444153925e-01,1.820872577424902106e-01,3.579507768876436513e-01,-1.918641507213014741e-01,4.482026626881682185e-01,4.816694559740258286e-01,-2.727618523489915847e-01,3.612656019912108829e-01,-5.269015065926626606e-01,3.143825607239659203e-01,1.863908989227180610e-02,7.631572728416093077e-02,6.433526036812986515e-01,2.043847700984592966e-02,2.006796269832769875e-01,-8.644020345997051324e-02,5.767958395168644170e-01,1.491598804546643842e-01,5.024605366625870539e-01,-3.046407499701906524e-02,9.280440960145919238e-02,1.366361722359298314e-01,-1.593146464703699694e-01,-3.425609894562566260e-01,9.466236045759732209e-02
-5.046299778671381464e-01,-1.131266457183257744e-03,-2.263150006587593410e-01,-4.666671289536558076e-01,-5.737922843528613370e-01,-4.319958909579472706e-01,-9.084916340919804711e-02,4.014788545887545967e-01,-3.463941532321855310e-01,3.734325994996731124e-01,9.513209967504418496e-02,-1.846788568566255506e-01,-5.264341741660567564e-01,-3.156664860350313906e-01,7.237543336618027512e-01,-3.797939935088766039e-01,-1.454927178427284640e-01,-5.315909812716959060e-01,8.728791348126067884e-02,5.229916970528718512e-01,-1.721722057280649087e-01,8.793547738653029189e-02,6.760303290520068564e-02,-6.190558145293723058e-02,-4.401003450575183829e-01,4.623810547866602505e-02,-1.988957628949113432e-01,-2.567127607980281834e-01,4.175118385493383211e-01,6.484441645809010946e-02,-1.867099499393859996e-01,3.449023223191155507e-01,3.089900871870248089e-01,4.264246644000223574e-01,-5.582764784311224082e-03,-6.443827204153831367e-01,-5.295990003470183588e-02,-5.303358765218145476e-02,6.659588204459065963e-01,5.016541999086970849e-01,-1.283196794707857913e-01,2.240015915728254814e-01,5.854570123036036966e-01,-9.966846570053133902e-02,-3.271307670444085769e-01,3.266311231730964493e-01,-1.205512295077347008e-02,-2.546298400559264263e-01,2.963946398837972729e-01,-2.616211912449485366e-01
2.498733876713425117e-01,3.188465148987019160e-01,-3.507134918841631199e-01,2.406106476709480024e-01,3.196739696653162488e-01,4.977249403329874200e-01,5.447093661932089770e-01,-7.960392670848576158e-02,4.264989505631090472e-01,-8.919680597278011047e-02,-4.035495421880062605e-01,1.672033247100640219e-01,2.349229839703569078e-01,-1.253193300866310700e-01,-4.969159156752284145e-01,-3.866480891594668567e-01,-1.552393344601749881e-01,4.388482385411277553e-01,-2.799673225583845793e-02,9.213384818334123538e-02,4.891506726105873115e-01,-2.922629274819121825e-01,5.486840810115533040e-01,3.944419936450375141e-01,1.645297259095482023e-01,-2.404949861593651539e-01,-3.982261904464435287e-01,1.829383767870056410e-01,-2.062182396953811479e-03,5.371978345208833217e-01,-8.327132087681428374e-02,4.441356175942798301e-01,-4.658475870753062686e-01,1.277998890162970191e-01,2.641300248068965129e-01,3.110711806855693817e-01,2.542475379163852134e-01,-3.497345734779342963e-01,-1.266985071077761198e-02,1.049628305384711219e-01,-3.890212693540248123e-01,6.217026864937585939e-01,-6.492066976601655603e-02,-1.507797206345238283e-01,-6.386551922129828363e-01,-4.529851388229449299e-02,-5.101619787550073365e-02,-2.081183203616781552e-01,-2.761978372469364174e-01,5.684656237368951315e-01
4.242904290510779441e-01,-8.432091734160333807e-02,4.114911241621049265e-01,4.632349470063835684e-01,1.097671404291182540e-01,1.999591238745014599e-01,-2.195609115264915423e-02,-2.134859639808537324e-01,3.454998878268039642e-01,-5.820346713154741503e-01,1.681547278434775416e-01,3.683935559660772574e-01,-4.398520740407807494e-01,6.356370969092900447e-01,-2.608594319574552567e-01,-6.556455419127017459e-01,1.919746604228972087e-01,5.038719388947000555e-01,4.056462043676111739e-01,5.933569782097923850e-01,-2.657758934628477454e-01,1.920465563547367194e-01,-2.635117849158012948e-01,-2.444739023946475576e-01,1.712890453320768946e-01,-8.860145460372619297e-01,3.084885385062184904e-01,-5.380742751546265801e-01,-3.210856008086375168e-01,-1.474669583743014063e-03,-3.801397214518649204e-01,2.707067467099468216e-01,-3.623418565839269800e-01,-9.971624114988213161e-02,4.616149225008104318e-01,5.036666919306027890e-02,-7.018172804451281444e-01,-4.146614343145798021e-01,1.985031237305545093e-01,-5.727441305924090287e-01,-4.284545781316327906e-01,-3.937650107092048324e-01,-2.082573813541450103e-01,1.051600953466508559e-01,-1.116923965857592321e-01,2.809561675394123825e-01,2.208126843911055112e-02,1.514483987702089640e-01,1.232824469233930881e-01,2.553199531528373423e-01
4.955044648086668890e-01,1.201501405418375738e-02,-5.540633370924625822e-01,-6.235379336942847850e-01,-5.461561050743845014e-01,3.361965975064026280e-01,-9.022381176183946749e-02,5.340023246286081937e-01,2.368291540004304474e-01,-4.588298280833844611e-01,-4.693410197186000804e-02,1.607370465888122990e-01,-2.046153567812338814e-01,1.971591352296783173e-01,-1.273461174361965875e-01,4.568107051082536535e-02,-5.872891495920876115e-02,6.969784395296386714e-01,2.702365954749310073e-01,2.872272448062809791e-01,-2.271428100057557020e-02,2.226430270093775754e-01,2.621314938218305413e-01,-1.618309136014363381e-01,4.733108916448986458e-01,-2.151041588427722029e-01,2.802556848217853738e-02,-1.671315299254748921e-01,-2.415457034596847907e-01,3.334656778261676502e-01,1.840153721072020077e-01,-3.046490692369340780e-01,1.019461757640889032e-01,4.656833402543030243e-01,2.783020706063271121e-01,3.004265014567238934e-01,-1.848934912387399376e-01,-1.754257521247375162e-01,1.169099357352564733e-01,-1.803668644400539464e-02,2.091037229674511944e-01,-1.882015432367818986e-01,1.950417448655449582e-01,3.529429597904703425e-02,-2.427024121138460222e-01,2.528586080242561929e-01,-3.186914853324518404e-01,-1.110174143665262902e-02,-5.976888911048886532e-01,5.708027796698140754e-01
-2.364044813667273703e-01,1.415163838392998197e-01,1.350967539486400415e-01,-6.291280679091905415e-02,1.774542741553944425e-02,3.792922365304952081e-01,4.781682069880145436e-01,-2.589103691255015272e-01,-1.142657054226225571e-01,-4.510347152182017094e-01,-5.338527694174177718e-01,-4.755225142923492077e-01,2.069110381874149640e-01,1.432812166773431498e-02,3.274503414955668434e-01,-5.798765681988085063e-01,-2.030176093739011478e-01,-7.348109992125282375e-01,-4.384936128003981692e-01,7.090569722702216859e-01,-1.706731110490588288e-01,-1.164946009162068918e-01,6.432281462049371790e-02,-4.463196820209752724e-01,6.293612306639397858e-01,-2.592083131003656282e-01,5.326476295252862148e-01,-9.824416356838820696e-02,-9.601037732540351755e-02,-3.310579327933225180e-01,3.165778815604115143e-02,-2.847658039893249393e-01,6.499829019447039835e-02,-1.470772270285001793e-01,-2.210053693116040552e-01,4.902718244515243962e-01,-1.553299079986327491e-01,2.732529551686820879e-01,2.086973807281284621e-01,-1.518467509669540749e-01,6.679584510023096611e-01,-1.500355893875581770e-01,1.693877227484789083e-01,3.524573813088201502e-01,-1.218969770861116630e-01,-2.351897418391742378e-01,-2.722491435165882989e-01,-5.911238068990584682e-02,-6.172472899646400807e-02,3.749918253936451173e-01
1.743289956986071865e-01,-3.156774882370645963e-01,2.905902687593857059e-01,5.108567941015662583e-02,7.347307884963083513e-02,-2.509152167913217268e-01,-1.843621090954292441e-01,-3.149606000030296671e-01,5.044386252718006114e-01,-1.297352138535422250e-01,1.491469218923393847e-01,-3.779762343334502894e-02,1.317026883009367599e-01,-3.855435567148243758e-01,-3.530270372787939759e-01,1.517025839565900036e-01,-7.606711852851709421e-02,-1.184260806257595583e-01,3.226081538923979974e-01,1.203755187558941397e-01,3.913373268901083613e-01,4.629161807554176833e-01,-1.923051068634915872e-01,-3.617178115846509945e-01,2.679054667424243252e-01,-4.230262274814725609e-01,2.739087054715939051e-01,3.613644286733405098e-01,-1.215375156891876640e-01,-1.012814391541373010e-01,2.204397628091884220e-01,1.346308066312427477e-02,3.358487395719812751e-02,-3.219704258921639028e-01,1.130023736511701349e-01,-4.326178428608193349e-01,-4.339635118653771273e-01,-1.374251747613610131e-01,1.262129824093619346e-01,-5.899178552889725730e-02,-1.359323809160350172e-01,-1.485782744206189665e-01,2.630049115524671355e-01,4.412191679560443780e-01,6.628547175593033081e-02,-5.797393205689682638e-01,1.277743325496116800e-01,9.539887002667771232e-02,3.825803826013758902e-01,-4.827444021864657486e-01
2.557185980707581963e-01,-7.270841535390586419e-01,1.820979093532367268e-02,-4.713363539647125733e-01,3.484869170247613113e-01,-6.252727959776035460e-01,2.185671391718098655e-01,3.311622753644162809e-01,-2.391176528206988283e-01,1.108664742734238318e-01,3.412984130236395020e-01,-6.866545308748971121e-02,-2.859922081429546736e-01,3.658811655724291123e-01,8.219311959536932388e-01,2.176281365426763204e-01,3.176917222447984968e-02,-4.075489665028751984e-01,9.816252265191910409e-02,3.809409552465533033e-01,-4.624356002200580851e-01,1.350724059367030272e-01,3.016545849471658491e-01,8.502016905211607911e-01,-2.619015561557468397e-01,3.000383740655992448e-01,2.835715270340887773e-01,4.105693595844400745e-02,-4.144586152853593219e-01,3.540319092637165405e-02,-2.888030680757396329e-01,-1.030550430045781563e-01,4.404644933407154683e-01,-4.217633236618069659e-01,-5.128281950077010487e-01,6.597219464592408988e-02,-4.685209616335739291e-02,-4.405375738853512524e-01,-5.495781594496013112e-01,2.998142463830767990e-01,9.197352944600931113e-02,-5.421985813661570064e-02,4.067626341201640572e-01,1.735764768155176330e-02,2.058516733282340569e-02,9.649993745164073267e-02,-3.091382133930393183e-01,7.293564316466025765e-01,-4.212352704005272175e-01,2.887927739814704076e-01
2.899788425061681704e-02,1.013504489913076151e-01,-1.100165088380168632e-01,6.739667046829938002e-01,-4.455873532377523372e-01,-9.295917608398163168e-02,-8.371128521243909049e-01,-2.106766857002881632e-01,-1.555355914223597313e-01,-4.102995662623773465e-02,2.280832364401005896e-01,4.511508189273223945e-01,-4.122079107806058129e-01,6.495141999463558413e-01,-6.430881715720901948e-01,-9.848153336837828231e-02,6.051361180484135516e-02,2.396534960503717560e-01,4.485199188060855907e-02,-3.273388451387080483e-02,2.455931139591445711e-01,-5.718200963515253088e-01,8.133351876423967619e-01,2.908372895410658576e-01,-4.882655118384608417e-01,-4.776695905252770769e-01,1.983128655151175368e-01,-5.688431478344190689e-02,-2.629870836613618090e-01,-4.030126718548218134e-01,-7.481725027086806590e-02,-4.704270749153008357e-01,-2.386975828322995541e-01,6.747241550252652820e-01,-3.579654971933970420e-01,-7.517862132609438863e-02,-4.496134572612693892e-01,-2.268081832413834098e-01,-4.592255791980094926e-01,2.493174004275582334e-01,-1.541670961653301419e-01,2.303218974440337241e-01,1.825776145363642300e-01,-1.877239446355501509e-02,-1.900696401664404012e-01,7.274608234408445062e-01,8.160854312427875401e-01,1.528625412785633020e-01,-5.828271254041204052e-01,-3.314422193959901120e-01
1.182828583403022216e-01,-2.734515124054165414e-02,4.018537568813494443e-01,-7.334581701288185596e-02,1.763113674710686252e-01,4.717992349141248570e-02,-4.242589344740101964e-01,-1.128757884980580162e-01,-1.405553353898638946e-01,-3.434444877737753976e-01,-1.533532696641855264e-01,-5.392691949079457814e-01,1.969958462533265842e-01,4.740914040151376213e-02,9.376730513831305069e-02,-2.205572025595440855e-01,6.221682292353891697e-02,4.565915166188204699e-01,3.834679767133239991e-01,5.506180877050925737e-01,-4.600777421963371250e-01,-3.042750079637404625e-01,1.188213562579364252e-01,-6.362076295711862617e-01,-2.709234291533311745e-01,-3.892735152539834598e-01,2.111941000251011669e-01,-1.536587352374478299e-01,1.836857881317689456e-01,8.082123914571594236e-02,-3.737887963704086269e-01,3.927947567461370637e-02,-1.791898514636145190e-01,2.314515047143919924e-01,-7.292549473556655211e-04,-4.809618027165431936e-02,6.357812838365613228e-02,4.733470973197760334e-01,1.688647596678864993e-01,1.357708805337829172e-01,-2.437366318564675866e-02,4.635426805142228157e-01,-4.945263760274803966e-01,3.370023556549243959e-02,-4.150662810011562232e-01,9.651210430498820270e-02,7.403779700911219397e-01,-1.774305282809168771e-02,2.092465838001923706e-01,-1.597241937094690256e-01
-1.448574827113820740e-01,1.262543897193009190e-01,-8.234752527254706606e-03,-2.846127098955579249e-01,5.920886304567241076e-01,2.960922521932626283e-01,5.602747902078832887e-01,-1.369464099543838964e-01,1.140131892709785877e-01,-2.024547216136260777e-02,2.036915287084547360e-02,3.980815217793738370e-01,3.600300351417903277e-01,2.852349577574896933e-01,1.606274395535170763e-01,1.690399826671870609e-01,-2.754202590057139854e-01,-2.300901431560869459e-01,-7.608314966104412491e-01,-3.323052134185047191e-01,-6.931325952568172521e-01,-2.352261233463676660e-01,3.324332339892521193e-01,-2.867302518935917199e-02,8.053772884408092469e-01,-2.109611836575763788e-01,2.020264490923820155e-01,-1.973730943469466370e-01,6.495695218872495902e-01,-4.247933509728046286e-01,5.496962548182321440e-01,-3.637094141367780420e-02,4.027286617128249535e-01,-4.805996031948597813e-01,-6.505395073768558412e-01,-5.895279252883937060e-01,-5.470156795307034026e-01,-5.212681635139106984e-01,-1.765610484268692604e-01,6.963959483162103503e-02,-8.588754379572210995e-01,-1.242378981476505578e-01,1.014416628087185662e-01,2.265881801016712271e-01,-9.035407695322301980e-02,-1.905442955773525293e-01,-3.947940415371645750e-01,3.462205336045297566e-01,7.224632144445944926e-01,-9.793631925093804202e-03
2.077011333656696990e-01,-6.279311697462154618e-02,1.904724074026301409e-02,-3.419715040571139619e-01,4.158269888368689160e-01,4.191372758082908545e-01,2.207487738297793101e-01,2.863743250207632096e-01,-7.203380221959505558e-01,-2.406453436997124662e-01,-6.055355793946062826e-02,-3.448201843443133852e-01,-6.300036542037358578e-02,1.339143039529327173e-01,-2.534133363557259933e-01,2.962634485000872203e-02,-3.354497181118419880e-01,2.039624478677532771e-01,3.705436610800705854e-01,3.541257924670566104e-01,7.490688577679061044e-02,-5.924479618321224494e-01,-4.025184266030520930e-01,-3.188181566540696649e-02,-2.463076231000003724e-01,-5.966060821946266302e-01,-6.929679169363564539e-02,-3.195628392424854775e-02,-7.365202557634567548e-02,-6.283338251865730473e-02,2.294994469524714101e-02,-1.856875369034124423e-01,-1.822343537716326345e-01,-1.889764524018647807e-01,3.785921139318262352e-01,-1.369542218737161698e-01,-3.512417556936722057e-02,-1.510749387716440184e-01,1.139301392485388975e-01,-4.411553266964296505e-01,-5.573269094528221501e-01,3.380496883694679711e-01,-1.161476013637627036e-01,-4.098999782796498570e-01,-8.813028718395075900e-02,-2.352745218860364251e-01,-2.449206897594415899e-01,-2.490573394792690298e-01,-8.659325632716925736e-02,4.147318564063098151e-02
1.995771338361040370e-01,2.748690741708041951e-01,2.249322413811971622e-01,8.764780774021169174e-02,2.639836186363772597e-01,4.972076557674354746e-01,-3.524190442448537075e-01,-5.554314833921775163e-01,-2.164131760107318725e-01,-7.287042410320816732e-02,-6.489606301383092912e-01,4.195200086384395788e-03,-1.206455754916245932e-01,3.735929486908232677e-01,1.822407336354348595e-01,1.284223070921188814e-01,-2.249941866015162106e-01,-1.243779645064820444e-01,-4.714520437458479818e-01,-6.991654100172527420e-01,-3.085668671128275475e-01,-1.866043371668960407e-02,-1.588890602138730013e-01,1.646211927714859580e-01,2.103599552723179889e-01,-7.101625504214451046e-02,-5.783267196241381747e-02,1.804789777672828333e-01,-1.941282470705316954e-01,-1.024615993007126497e-01,-1.994012734021991251e-01,-6.316377189871263953e-02,6.028584102307608106e-01,2.539908089402519997e-01,-1.037287302521459897e-01,-3.513539684130922436e-01,-1.328626160916125155e-02,3.212631645469561648e-02,4.278912565369520360e-01,1.484478104801224552e-01,-4.801986022975344159e-01,-2.230657757866172375e-01,7.598103360875431422e-02,1.837447830035782437e-01,-5.255718830432214439e-01,-1.790053789344230872e-01,-2.355970572158309906e-01,4.949999421552170320e-02,-4.548690262121402594e-01,2.299805784809602627e-01
-7.188491619415876555e-02,-1.010994384856352124e-01,3.237179844870429757e-01,2.266912538963649915e-01,-9.083103286887031502e-02,3.463515614201255755e-01,-4.003000191789908846e-01,-6.574368855147441071e-01,6.783848083967422005e-01,3.343294477222361755e-02,-4.965141771381269276e-02,9.741105616392574384e-02,3.487814179358009192e-01,2.211857920521203558e-01,-6.345918329619057441e-02,2.071189260019970224e-01,6.916149709116689026e-01,-3.575420228576376425e-01,-8.706802008675380844e-02,-5.497669963272509008e-01,3.720980214828364940e-01,4.919832343854633333e-02,-4.629868429020364551e-01,-5.379210185309265535e-01,1.620545445820811559e-01,1.924479879754455447e-01,-8.420297252931829846e-02,-7.074833223875591770e-01,1.641859067953173323e-01,3.150471126686656409e-01,2.724088320661030571e-01,1.770802968036216118e-01,-2.081740923317132452e-01,-4.475775105853397884e-01,9.108306211970036426e-01,-3.979329929146155354e-01,7.033269274784369196e-02,1.098407865506999398e-01,-5.721685786073466007e-02,-4.605732905584413589e-02,1.369416072473158552e-01,4.397899193696269138e-01,2.663820361733649222e-01,-6.264301336825256472e-01,1.208083338845696714e-01,2.767795399638871973e-02,-6.553316798654084119e-01,2.813873889877838153e-01,-4.099373116704700948e-01,9.674087941183200437e-03
4.455447691761318385e-01,8.802481326658519178e-02,3.525530934404912387e-01,-5.685109033785266941e-02,2.182653557674758826e-01,-3.488877057953587157e-01,-2.983009249430597642e-01,1.186406403535174119e-02,1.142650071056502681e-01,7.678955298019534137e-01,4.202874763055928775e-01,-2.293968696920760386e-01,2.138279501861491405e-01,-2.329333799378832393e-01,-2.189303786874617630e-01,-1.332181142716644673e-01,-1.549107222304652864e-01,-2.777437568233944928e-02,-2.255994360425016623e-02,-6.878699054339645347e-01,2.084663005286529758e-01,3.834375463696531039e-01,-6.265338354236887723e-03,3.995443670095151500e-02,2.123904762676360192e-01,-6.768348457387222128e-01,2.477615839934973196e-01,5.695925275174764657e-01,2.617051760699020124e-01,5.552905073652998971e-03,3.006185985785732595e-01,-1.865598107616679435e-01,4.932028754689736783e-01,3.035096036798404229e-01,-3.168647881284037404e-01,3.396603195043451651e-01,2.654100505981998870e-01,9.645275688960062155e-01,4.501566166838091854e-02,4.317462000669494704e-02,-1.954866418390168448e-01,1.614125513595162098e-01,4.873499326906405305e-02,5.265193323749537413e-01,6.900580655423435572e-02,2.968631226921187305e-01,-1.177738248311092639e-01,1.231026907443400487e-01,-1.992629379900708320e-01,-3.843799701869742846e-01
-6.017831294871526238e-01,-2.726512593699687570e-01,-2.722452041086723673e-01,2.058580202308681328e-01,-2.189826517114108750e-01,3.854758046574328911e-02,8.516028284095819492e-04,-1.145019259743829954e-01,5.094760584938564651e-01,-1.812296868489504109e-01,3.972426442737650443e-01,-4.870306386193196113e-01,-3.331578816138898647e-05,-9.519722368097879861e-02,-7.645141157165997736e-01,1.025620328069486303e-01,-2.098549490127487593e-01,4.861118245661456561e-01,1.777055925753471752e-02,3.357910218864867402e-01,-1.871680048698513843e-01,-3.691994373794598577e-02,9.820618396073932388e-02,8.560790705352512575e-02,-1.626914717216763340e-01,3.135477709681920855e-01,6.547976826949464257e-02,-4.499738463047772141e-01,6.365824845618605066e-01,-4.075672831291601850e-01,1.965245373415396291e-01,1.413133625591825870e-01,2.264343831941894800e-02,-1.549065797430713987e-01,-8.872763431604393375e-03,-1.785686708969083936e-01,-6.483196204804422269e-01,3.845458901047860700e-01,-5.211186110818781803e-01,1.208684138726548035e-01,-1.295635179758494460e-01,7.373062911474093095e-02,7.200470244641742346e-01,-2.208207957750412676e-01,-1.115116169109705950e-02,-3.470890602263841385e-01,1.563012530448483206e-01,3.417390327825971519e-01,-1.659674299799824004e-01,-8.251022974880965755e-02
2.161101797438613470e-01,2.400167761855508120e-01,2.307556178951519071e-02,-3.483032650038130340e-01,2.540249769273110747e-01,-2.893312129302363228e-02,-1.494853144589183003e-01,-2.363062295943864910e-01,8.269292805718780892e-02,-1.478861171180001766e-01,4.335741359453450933e-02,-2.538478321134076884e-02,-2.279740915301128601e-01,3.383293751024630258e-01,8.330657279182354658e-02,8.903678296896926081e-02,5.504351538482831208e-01,-1.456246122639109630e-01,-3.306538163650771245e-01,-1.068250289598538516e-01,1.085522569123533454e-01,-1.076806603017295277e-01,-1.402141923581256833e-01,9.948412184520761814e-01,1.257359550879037502e-01,-2.663440103052374663e-01,-9.743842810839602187e-02,-1.380564146860454589e-01,6.268821854254160719e-01,1.325400962051003217e-01,4.600297051737022302e-01,3.007360109339001220e-01,1.415097095194610965e-01,-3.838546824861590046e-01,-2.243919089416448465e-01,5.958578284284175020e-01,-3.254508927055195233e-01,-1.917350258226346305e-01,1.182847152070489599e-01,1.853720706428904907e-01,-2.923455552410566538e-01,2.574912082031066141e-01,-1.312132283307900493e-01,2.302242851153790959e-01,-1.130697512076899863e-01,1.109026516539988044e-01,-1.772851688967925221e-01,6.789228318225297432e-02,-4.551721825899753687e-02,-1.127374415387866619e-01
-5.291337901174443248e-01,3.691702802881779988e-01,2.360425873145046705e-01,9.748390717239570347e-02,4.382105204793376729e-01,-3.560206624014826127e-01,1.605185856726465132e-01,1.359195531890165266e-02,1.462026948234182167e-01,-1.139230594323183549e-01,1.105966287472994469e-01,-1.043476927011868227e-01,4.468748231731642928e-01,-2.253823008786125237e-02,3.279114578507358324e-01,2.443985501554057915e-01,5.177864062112045307e-01,1.583598981064515965e-01,1.944047971828924692e-01,9.089260375233483569e-02,-8.418490753019166606e-01,-3.242222715039343450e-01,1.904147194815971889e-01,1.606384738820581803e-01,5.670764795416418647e-01,2.978672878838342086e-01,-4.196596033263949033e-01,-6.514268144661965187e-02,9.780947572066881479e-01,8.087439972318477555e-02,2.726192574733051210e-01,6.115619057175946116e-01,-1.210529791513410003e-01,-5.643191668235884029e-01,3.295202669635015069e-01,-3.656662981480061636e-01,3.110659796752457407e-01,-1.155813520897635005e-01,8.376698742547349363e-01,-1.498989766803660029e-01,3.249218437457859765e-01,-2.933041878680549552e-01,-3.224781205256551514e-02,2.891011531537186069e-02,-3.177353831343292523e-01,-1.593179971446524179e-01,-3.809397095503168074e-01,-1.771001098723483380e-01,1.994391482212686251e-01,-1.472075859720206039e-03
3.412814744526034283e-01,1.026740608703642366e-01,-7.389095486118110734e-02,3.512449290350998926e-02,-2.959412018107087095e-01,3.018440895678934158e-02,-3.749278523686017661e-01,4.433068967699130836e-01,-1.846898376864541391e-01,3.784037692039128875e-01,1.361871826637014449e-01,-1.717538791686985811e-01,2.393443826431622123e-01,-1.684400983258209361e-01,2.067423255638640156e-01,-3.287775526685752792e-01,-5.305712077369902913e-01,2.312821126300625141e-01,-3.028328911741072216e-01,-2.401088484470599860e-01,3.128124185213317365e-01,-5.271877142372595193e-01,-2.267046027078859632e-02,1.789314767985811239e-01,-1.007537036554121551e-01,2.301555783018349177e-01,-3.224007599946576708e-01,4.843619140024583158e-01,-1.828169490980612877e-01,2.270250586262895498e-01,-1.758662436028128953e-02,3.612878670756680122e-01,-2.752711692358352780e-01,5.040389524509021335e-01,1.766449502414092418e-02,2.209532839358325229e-01,-2.267286134272864517e-01,3.239653880602553441e-03,-3.241176655612774127e-01,2.194680002119770573e-02,-1.982036269849551946e-01,-3.241564791835597759e-01,3.879720918907390015e-01,-1.191167616006470892e-01,-2.561305730175209017e-01,2.607629913883118822e-01,2.629646320613766020e-01,-1.338336634640907574e-01,-1.023742510341759809e-01,-3.775924675581395218e-01
-2.444544294083640934e-01,-3.306876789709248254e-01,-9.568985261314911783e-01,-3.061455965854785188e-01,3.796504767465056496e-01,-2.080767221355415975e-01,-3.039775339809449792e-02,-2.059476576895694633e-01,-7.011264742769903746e-01,4.678601594302801009e-02,3.477462815326211043e-01,1.059217339425569115e-01,-2.113691515368432972e-01,-1.882514195959807402e-01,-2.866145662847429110e-01,3.587266102864763440e-01,-2.938352518320427320e-01,-4.230779593073037415e-01,2.126307687747050826e-02,6.458541003876315523e-02,-5.521794064672215230e-01,-5.039261876388791972e-01,1.471134124493241047e-01,2.382300770794579525e-01,-9.767511391415123478e-02,2.313345616989414266e-01,1.200984535747355031e-01,6.153840461696764158e-02,-1.380468737793560385e-01,-2.728043011866505552e-01,-2.617166563929058665e-01,3.739733410704165761e-01,5.652729419332279681e-01,-1.600462301615925009e-01,7.188577728525326338e-02,8.664674038547037771e-02,-3.670316479295746611e-03,2.021846015220744169e-02,1.241371730593322509e-01,2.731645551489750648e-02,1.611055217415756913e-01,5.877444313525426178e-01,-5.021771717162389903e-01,8.835818781398203925e-02,-6.743727194993620611e-01,5.327823510404623058e-04,-3.472301588407545880e-01,-9.863816434925265497e-02,4.169329953963457069e-01,-4.721192909721020903e-01
6.770148530810105036e-02,-2.623459522560455670e-01,3.896298262302118065e-01,5.541253886279085689e-02,-5.644949358394660832e-01,-9.674414658463695305e-02,-4.448733325016321904e-01,3.159458981399441979e-02,-1.674472113024581543e-01,5.216794182301778271e-01,3.896631716041959459e-02,3.890177233633161369e-01,-7.251682317980493453e-01,-2.591149461947660215e-02,1.264063726829938727e-01,9.047217261740785055e-03,4.520822547374933609e-01,-1.316270167550195047e-01,5.557311210197817680e-02,-1.474681751600507851e-01,4.727178582284706221e-01,-2.764440184801312816e-01,3.744908517520101343e-01,-7.134523102179436693e-02,-3.256046127464516382e-01,-6.345898644269057920e-01,2.469365418476423268e-01,4.955209044231950188e-01,2.269672841381649431e-01,-7.341597837005602034e-02,-1.294332950815082952e-03,-3.665776004082793027e-01,5.316122087020833664e-01,-1.516749364156880775e-01,3.380571195807959006e-02,4.281552053312136230e-02,-1.092662105137857803e-01,3.397071453507082700e-02,2.440953125243136221e-02,1.162460478515014994e-01,-4.982393101869042606e-01,2.744501202104700499e-01,-1.768541212591128176e-01,1.343696045518821269e-01,-5.400330643739503778e-01,5.358227341427203305e-02,-1.512840981580275967e-01,5.284002479254030771e-01,-3.794206180804175071e-02,4.096674151270650044e-01
3.072459720163254748e-01,-4.633957200499849716e-01,-2.135537166851934898e-01,3.068636674256545183e-01,2.456344278842097772e-01,-3.573001338530680249e-01,-2.299947451252712938e-01,-1.562795448066995052e-01,3.290842255825859319e-01,1.173837122624488277e-01,-1.579883071329769295e-01,-3.667421332452621696e-01,-2.956895738355976716e-02,9.227130755958616593e-02,-1.708616585861336482e-02,-1.888603962623745802e-01,1.865433157359046995e-02,2.913582398901638504e-01,3.564086231672662364e-01,-5.515952823924696879e-02,5.980578890833220668e-02,-3.645494504354820919e-01,-2.187997669452056704e-01,-4.033247136888047646e-02,-1.085325025809144306e-01,4.524077498452399038e-01,-2.726229769600683195e-01,-2.404071132351535967e-01,5.246299709263983063e-02,-4.469823065379491811e-01,1.700836059515962728e-01,-2.593340897163682809e-02,-1.599471601618856209e-01,-1.767304659890543972e-01,-2.696764497774986058e-01,-1.273197805032134922e-01,-5.389747153148132242e-01,-3.426556899683463331e-01,-1.043040061037680266e-01,6.159971154254272746e-02,-1.877986998819599906e-01,3.779236250270130437e-01,-8.945530902134567197e-02,-3.806367240798035900e-01,1.143564522987246673e-01,-3.869057586116649294e-01,5.301749713749497328e-01,1.157613602373404049e-01,2.912994007219313342e-01,-3.689198422491066776e-01
-2.296037935892928095e-01,-6.215309204292019524e-02,2.170726240497290183e-01,5.416525253741923951e-01,2.036615247609278312e-01,-3.726355940253858745e-01,-3.009859443154167535e-01,-3.307029888076413737e-01,-1.018141195865047560e-01,-7.129344250941112293e-02,-4.312557421974146099e-02,4.230962208253984808e-02,1.704037850869738815e-02,5.607960501059568864e-02,-8.280993012338577763e-02,2.552300950958856229e-01,-3.773480322890030436e-01,-5.578828318529609892e-02,-2.716704966526606313e-01,-1.543895559969732101e-01,-9.273536097688751811e-02,4.624132821856228315e-01,-4.326062432962555215e-01,-3.366287751666708905e-01,6.555682583594892032e-02,3.605899823014844241e-01,1.805599949683515393e-01,-5.630040816418782068e-01,2.178744706999137526e-01,-3.033720206657922192e-01,-5.713524725140204513e-02,-3.446173260457500165e-01,1.037062142516347596e-01,6.039850129149870739e-02,-5.003739236772452026e-01,4.386528133330635515e-01,4.447187566312885143e-01,-2.360105250499905938e-01,1.789034047913318215e-01,1.054503432565249144e-01,-8.963593673281610164e-01,2.213572633448072369e-01,-4.252301375255305126e-03,3.145355253289823794e-01,1.439413959211807981e-01,3.830713513537524761e-01,-1.590316073500558092e-01,1.168977644908556768e-01,-2.276376285765044638e-01,-2.519463888043783628e-01
2.559072912872270567e-02,3.899601845739503747e-01,-2.411388699856871209e-01,-6.633924901931760598e-02,-4.610654383398544720e-01,7.925131219673576810e-01,2.225897925969919366e-01,-2.604499762310536481e-01,-3.356235254106910704e-01,-3.285105882989749482e-01,7.115820486493423802e-01,-5.014337486594301341e-01,2.073886140692416183e-02,-2.993170221202194337e-01,-1.451200062700510884e-01,-5.240704337361534737e-01,-1.948822347887414208e-01,-6.945062785305045061e-01,5.001623770447668482e-01,6.366478335351413720e-02,-5.484395773674585195e-01,1.829052067613973487e-01,-5.682811377165231104e-02,1.661017045480646381e-01,3.517583927658341492e-01,-1.849879432964476322e-01,-3.844469740208961706e-01,8.366763889448657343e-01,-1.475302584635288794e-01,2.004800598956228697e-01,2.352468884678108052e-01,2.561312498664353732e-01,-4.663852940012488402e-01,-1.748256852179780052e-01,-4.514018643835709965e-04,-2.280658047652472931e-01,-5.173676377018615602e-01,-4.480716059434433629e-02,2.395768921407518404e-01,3.171385570420265365e-02,-4.931802023314193484e-01,4.057313379132207465e-01,-3.550989688982967851e-01,3.896545665458993613e-01,4.772538074048564283e-02,6.557051454616105168e-01,3.115311790562493299e-01,-6.109173394026771176e-01,-1.141733225192170520e-01,-4.998399708877857006e-01
1.041240274482690409e-01,2.137445301224153160e-01,-3.255154331770646059e-01,-5.853928851642921545e-03,-2.169272834038654674e-02,4.934615849677499999e-01,-9.263625205450927436e-02,2.827021828644890860e-03,-4.742157456248797809e-01,-9.637982604299093203e-02,-2.063873538045853454e-02,1.989422281951728766e-01,4.738905217524549407e-01,5.632738848535207010e-01,4.662866212194012872e-01,5.868706616549620447e-01,5.144218294203172226e-01,1.056913399401737848e-02,-1.604042241368438537e-01,-3.176685719332196789e-01,2.692049967665512133e-02,2.033638763084658352e-01,9.616392737775085464e-02,3.146249920492691365e-01,-1.512066409482931140e-01,2.256852271370554941e-01,1.178538529519974030e-02,2.401291857915461431e-02,-5.805410122799165018e-01,1.382460397696479437e-01,9.070227678282970218e-02,3.314994347046779088e-02,-2.308077571333275457e-01,-2.657560164384169532e-01,3.923844726063405730e-01,2.497877155463470167e-01,-2.273585097989023751e-01,-2.114271922537377668e-01,2.410746223202331062e-01,1.582503289320240092e-01,-5.229166181435033200e-01,-2.155173555841201072e-01,-4.563608326734406861e-01,-9.130400574513589662e-01,1.633974775840905391e-01,8.850722528538135236e-02,-2.302069240484485302e-01,1.486145974460683283e-03,1.303456835334927677e-01,4.274033458801336782e-01
-2.141252909771077795e-01,-2.246144926780085926e-01,-5.017293724981298775e-01,-4.727162556331329646e-02,3.473136785327438636e-01,-2.544911845613031381e-02,1.335745067914272388e-01,-2.008539506043042211e-01,-1.924610872805432860e-01,-1.134462582259056218e-01,1.717784724045307576e-01,3.317704818242447895e-01,1.414221436375409091e-01,4.804579720406304544e-02,2.291112753999846041e-01,1.446675912801262676e-01,2.688277649542834546e-01,3.596865251445678369e-01,1.696566231761439947e-01,2.571194689788933174e-02,1.934417639095539487e-01,-1.356006474377924598e-01,-6.703058919089982526e-02,1.248371572544543090e-01,5.979725789986586326e-01,5.566123765002944923e-01,-3.350596284274724446e-01,2.019680739082753418e-01,-5.666087805248196108e-02,-3.819887509212382404e-01,-7.684336245328550474e-02,5.452797146619242641e-01,-1.550287230381747483e-01,2.954977713958092389e-01,2.219145907156344355e-01,2.483689775268529409e-01,1.064966099001598415e-01,3.527214958453065985e-01,-3.196196655151253840e-01,-2.413846581172806871e-01,-1.243254783079155990e-01,-5.260531631355092747e-02,3.544311401170021636e-01,-7.793903306037115730e-02,1.224633347414885165e-01,-1.906546698007263174e-01,1.276203047569614279e-01,2.991609216215278533e-01,6.168738668667611558e-01,5.148653973507281295e-02
-2.146243967582504852e-01,-6.009418007418864116e-01,6.998892561896338238e-01,5.447939286626739541e-01,-5.919425487915982442e-01,-5.480141044439532649e-01,-4.278698091059646713e-01,4.561631156497752970e-01,1.818842828133940270e-01,-2.481458976249154569e-01,-2.209017993052359574e-01,5.730394442211478312e-01,3.687998496777599167e-01,-8.749694782529478243e-02,-1.049949502472818236e-01,-1.232392578173486658e-01,-4.963748758677844486e-01,-2.753836614163592822e-01,-4.690880259620998881e-03,2.717260070104561276e-01,-2.694821792756025847e-01,-2.875843951943202748e-01,4.826047464860202391e-02,-2.663112707836046145e-01,-9.724753747684580785e-02,3.888210758249644461e-01,-1.080952629956336564e-01,-3.366063441995447159e-01,-1.044961163803521942e-01,-2.658131602177265518e-01,-3.234802120229070543e-01,-5.059980996067090508e-01,-3.320546144295481450e-01,-2.443470271716666198e-01,-1.256689060285431925e-01,2.905077162192700180e-01,3.430608451903568307e-02,-2.307207591360021237e-01,2.311377068012343550e-01,5.495254891217162818e-01,3.187531013542665992e-01,6.189004236358350841e-01,-2.511530449128783204e-01,-5.009231500432542727e-01,1.845443518080356338e-01,-3.005242986496269864e-01,-2.587644330525283309e-01,8.767793750000366787e-03,-3.339905664919406436e-01,3.256984863189169022e-01
5.092214738049031242e-01,-1.966331053769682091e-01,7.134965440897064193e-01,-1.707933446014859025e-01,-2.001096577072279670e-01,-6.690184562651728395e-02,-2.948139390399991955e-01,-5.656492051978729840e-01,-8.582417648753129513e-02,2.111653144317596296e-03,3.674133978910176096e-02,2.281658816195097830e-03,1.706889033559928215e-01,-2.118240061786243883e-02,-2.249556556539026864e-01,8.292614462601151371e-02,-7.333420929366323004e-02,9.219627555096764349e-01,-2.658889487723747891e-01,2.638665657574932114e-02,-1.953874845336635024e-01,5.592682810815616246e-02,3.471225922168270084e-01,3.007052615920461358e-01,-2.938485719694620690e-01,1.501938346451102413e-01,3.929096910326835418e-02,1.024076098400019397e-01,-4.148401068917140777e-01,-4.595941589623486756e-01,2.537984597240745543e-01,2.184164868089315537e-01,3.417148940362403457e-03,1.044067811054940204e-01,6.491400539361882882e-02,5.847565760765950638e-02,-8.301859041547260398e-01,-8.686476083540606297e-02,-4.906659440365588876e-01,4.172428050159920909e-01,2.421186532344297426e-01,-4.574473810383144351e-02,2.716846876870451441e-02,-4.549113892464011766e-01,-2.693996864093847754e-01,2.208989690998676980e-01,-2.256776103813384893e-01,3.219421880908767131e-01,-1.293510770646947305e-01,3.035735491034988742e-01
-6.998405558343022692e-01,2.858471456207206107e-01,3.533065865211289514e-01,4.593026085343770437e-01,4.575475504194331244e-01,4.321215778783189521e-01,2.134222983466860790e-01,-9.630056695362907426e-01,-3.859931062334491791e-01,1.516230833699586111e-01,-1.165993226830286805e-01,-3.424000923619689996e-01,-4.575625216190187111e-02,-5.518770679253268141e-02,3.141067886343873461e-01,4.656679271537380038e-01,-2.608257099392293221e-01,-1.195491197541393436e-01,2.473271394507790821e-01,2.436920764240940174e-01,3.598864125096919164e-02,-4.760508323779855666e-01,1.549764665559685284e-01,2.641639693574579159e-02,-2.376444584684900552e-01,1.271031642984999377e-01,-2.294917532436004659e-01,1.772618955024798382e-01,-4.481593202259318565e-01,3.285808157472047686e-01,-1.249169875005538555e-01,-2.592048139351818548e-01,-1.588970336299818098e-01,-8.879083260244734904e-03,1.355421961920646179e-01,2.513074010951689766e-03,-1.082277011637684083e+00,8.422143146482975046e-03,-3.645258390526467385e-01,9.682460240947071695e-02,1.270751342689382113e-01,-1.102864886198617472e-01,2.816316001553095805e-02,2.713995875691559978e-01,-2.990504140031062172e-02,-5.691865418281555344e-02,-4.936382012330551849e-01,4.398859779959533034e-01,3.179605338777839463e-01,2.356205944975500038e-02
1.884284809479457312e-01,1.555839629497463884e-02,-2.038262085118243416e-02,5.379064774841446628e-02,2.076678576353681027e-01,-3.002213971121506786e-01,2.086790569215466185e-01,-6.389478827880518130e-02,9.154132674287373053e-03,4.182378580131154711e-01,5.058621403535162875e-01,2.022548449626266065e-01,-4.290758112815874492e-01,3.170519629828300739e-02,4.079847240262586272e-01,1.013266277534162763e-01,-3.355783324296933157e-01,3.289196898734424168e-02,3.119069391293186611e-01,1.640348478038236024e-01,3.535549604278538649e-02,7.903043300663810389e-02,-2.377159505635281500e-01,-8.178928864620156614e-02,4.175683824744120254e-01,-1.136610607781982085e-01,1.950187580591950312e-03,-4.637552269104432412e-01,-2.925005495140046707e-01,4.283625288135301315e-03,-3.982010516290966917e-01,1.129246656987849123e-01,1.081837531144175801e-01,4.209550012195719115e-01,7.560544056498176291e-01,-4.198927888018681442e-01,6.056043981776677576e-01,-8.113910090275316955e-02,-5.474272838296293520e-01,-7.571041673466280542e-02,-9.248069863314686834e-02,5.030294677509066642e-02,-1.199056843976936820e-01,-4.051830630227805652e-01,4.388877230322452833e-02,1.043930095556236115e-01,3.844732043542291589e-01,-3.099442809764906825e-01,-7.285341197493343524e-01,-4.414712026633799691e-01
1.735980795398507914e-01,8.489007920736559021e-02,-1.017449419434427738e-01,-2.048320569281074921e-01,2.865559805173905072e-01,-8.764354553034028883e-02,-3.294432481291151293e-01,9.129628806889606984e-01,-3.437936842133666460e-01,-3.065382158871299279e-01,-1.056359678156153642e-01,6.059180560240463587e-01,-1.991654329416271407e-01,-1.958670676576764746e-01,-7.376927814592264543e-01,1.745313293462586457e-01,1.920474145455957349e-01,-3.231635445780738081e-02,-1.660549017371142910e-01,2.454911709859268210e-01,2.902086050351733171e-01,-2.333110225127856541e-01,-8.327998705894399389e-01,-1.072809253621416770e-01,9.910193183551294083e-02,-1.694763286192853824e-01,7.385081614337460909e-01,4.209178473638578999e-01,4.975638418624951376e-01,4.084663234927855824e-02,-2.905403426695051805e-01,-3.643921482762768616e-01,4.429386763406131244e-01,-5.123542945835132256e-01,5.716595946322128308e-02,1.432987154310273181e-01,-1.113728998886047705e-01,1.968422348981510583e-01,3.513700239067702596e-02,7.078480018896554649e-02,2.607468091325081394e-01,4.681357060718162044e-01,6.324014592373449206e-01,1.077378473628219785e-01,4.972940686377452235e-01,6.387654990018181156e-01,-7.085645605264379032e-02,3.119934069629980433e-01,-2.632252249502974872e-01,-2.656059303957329643e-02
1.356258587479279298e-01,1.780650329938543719e-01,4.582499433577471581e-01,2.505717558753943197e-01,4.141858631717114103e-01,1.144522951508514658e-01,5.552769714015248770e-02,3.786790856546365935e-01,-3.791218602109612534e-02,-4.353614700113098146e-03,2.974704907054208092e-01,1.286797736550193416e-01,2.206223309066216720e-01,-2.440742841948295438e-01,-1.162306077149081462e-01,-4.263566938608472912e-01,-7.035820205553848516e-02,1.739598729068774774e-01,-1.847006762698725213e-01,-2.797361253516806312e-01,2.926110452297255304e-01,3.757184916296285593e-01,-8.908595021880683085e-02,-1.777489724497235690e-01,6.986680530094531438e-02,4.316266080598255006e-01,-3.371583880086545526e-01,-1.072600795317017602e-01,-2.870814172473459824e-01,-1.385729946774542365e-01,1.965967976596375566e-01,1.316454525031451363e-03,1.210437694760362615e-01,1.445404227333376979e-01,1.332120718419865617e-02,-7.114889401714576955e-01,-1.004065439499000900e-01,-2.249202779349530890e-01,4.041693311386260201e-01,-5.398881087849685123e-01,1.325476979957994905e-01,-1.365079490371983173e-01,1.129106102409888901e-01,-3.949475441797490466e-02,5.489602646230383742e-01,-2.441130932685738331e-01,-2.240908744746303305e-01,1.197821960226133353e-01,1.667602228131912778e-01,5.323377630858856513e-01
-2.349069750986894356e-02,8.305049911482814684e-02,1.360076127082220920e-01,-3.224404091603447764e-01,-4.116178899222734389e-01,-1.308345482589508002e-01,-1.140750222732003216e-01,-3.923626807764544755e-01,-1.070871101736555753e-01,3.117765440909381902e-01,2.373694228230873449e-01,4.223975294429621052e-01,3.262404375183893257e-01,2.203480469996927926e-01,-7.443775094985217999e-02,-1.043951479672035054e-01,-3.005115112534263999e-01,3.307382141272484088e-01,-2.038044251903388671e-01,-1.345501561115352018e-01,2.858766324995112157e-02,-4.373748728173461331e-02,-3.409702735176089461e-01,5.716980535132323155e-02,-4.032645367810779313e-01,-2.583416594740371372e-02,-7.907916616970748214e-01,2.657041427646123499e-01,-2.847655473364776174e-02,-6.957440344581772296e-02,4.831226812153658901e-01,-1.611789610832094904e-02,-8.121285584475204655e-02,-2.641863115668793283e-01,-5.765197217925803475e-02,4.712445127200394213e-01,1.918164611216733872e-01,-3.409400689831769415e-02,-4.688832920970692486e-02,-6.666197209466465101e-02,6.761084491463035251e-01,6.509521417014744182e-01,-3.901563756685520468e-01,1.602396302637224823e-01,1.747615170018559649e-01,-4.571528652848256824e-01,-3.170394476576398057e-01,-5.384387374545076405e-03,-2.839851868224385623e-01,-1.046689234474728197e-01
-1.540285931946119291e-01,5.757209021206194377e-01,-5.141335957303068138e-01,2.859879308150889421e-02,-9.325089863253867017e-01,-4.001827806425400924e-01,-1.966906587105833049e-01,-2.669969481409030232e-01,1.978026401725919703e-01,7.650430032679775838e-01,1.096106140182067090e-01,3.428993576948755756e-02,-5.726555671361295285e-01,9.466008126735310502e-02,-1.021963455147092970e-01,1.832998472075683116e-01,-1.907391646094501736e-01,8.006559976590857941e-01,-1.597421377642361529e-01,2.291027988826609962e-01,-3.510806019105625064e-01,7.044143698798072117e-02,1.262995839164767764e-01,-1.695631625991507463e-02,2.681932189144861090e-01,-1.138613879217719588e-01,2.749317960203488398e-01,2.684015842293939191e-01,-2.057603975392120199e-01,-4.582282746095591719e-01,5.750226994697858057e-02,7.896519418109417821e-01,6.018639404090544431e-01,-7.378277384665563599e-01,2.183882936734389546e-02,4.960391040926108441e-02,1.683064014013562482e-01,-2.419495355743632725e-01,-1.504012647748010079e-01,-1.580793697065996650e-01,-4.586376500909235265e-02,-2.102090134751418427e-01,-4.163054714704788606e-01,-1.366864760738072671e-01,-3.060292402458980043e-01,-1.084972669716084692e-01,-2.402561143693828991e-02,1.775584066801242852e-02,7.062281881226178948e-02,-1.904536718808793327e-01
4.900775405180297639e-01,-9.319003278544778224e-02,7.997382614721488051e-03,-2.078243010835208460e-01,-1.593521442457321857e-01,-3.438905762904494456e-01,-7.511368351600433702e-01,9.152884481688099150e-03,2.557356833069817648e-01,-4.515443893510709961e-01,8.065308068336304870e-02,-5.480682625712136602e-01,1.504503380574283809e-02,3.995640761281282066e-02,-4.181176955609047785e-01,2.007324015134510087e-01,-2.088118064016303566e-01,-1.598803751858511590e-01,7.294172355488447446e-01,-6.924517518818610329e-01,-3.131115498424794086e-02,-5.256176635670608555e-01,3.641023669053441436e-01,1.813528319483198870e-01,-3.720103413768444112e-01,-8.021732184571379876e-02,9.291138547223402877e-02,3.258078792648838595e-01,-2.059387645963562663e-01,1.636153355022267053e-01,4.540309195632225708e-02,-1.280248299337075069e-01,5.661839858836070077e-02,-1.656879770119034159e-02,1.161373027044326489e-01,1.594635520165638143e-02,3.889051247813031242e-01,-5.260917224206899112e-01,-1.991377537885720139e-01,5.056861735572126121e-02,-4.297123944520971767e-02,2.995016586644042578e-01,3.496457230212838274e-01,4.890098185022583727e-02,6.822585771064365590e-02,4.863126148018985795e-01,-9.981424844634156912e-02,7.376698984721413721e-02,1.943999835554136302e-01,5.441863825480751371e-02
