-3.224669618121078218e-01,1.263968458726583421e-01,1.905571401524575326e-01,6.405033742842446420e-01,3.311463797584240365e-01,1.730144202593479619e-01,3.002360254299049624e-01,3.243929662473841735e-01,5.724127813822955657e-01,3.514609900953805099e-01,1.930731137722148383e-01,5.703716769634850081e-01,3.581032333849026306e-01,3.024931372467962176e-01,1.249816318170121343e-01,3.655498667921423805e-02,-1.543322580627857488e-01,-4.429192260981413276e-01,2.456619848874145584e-01,-1.144288779331055911e-01,8.520401579958583604e-02,2.722189988310075859e-01,9.133578645199143253e-02,-1.565710443484986947e-01,-2.830692184452006377e-02,7.638661717682428132e-02,4.927210247168693491e-01,-3.840772662422347050e-01,3.405923457071166616e-01,-8.385105742371583570e-01,-7.322376420174291356e-01,-1.925772238185496088e-01,2.701497973078564319e-01,-9.468284959229746056e-02,2.686596809073888911e-02,-1.081130035740463374e-01,-3.193707069481702826e-02,2.464277969985218808e-01,6.988775583074587905e-01,-2.567647701999565268e-01,-4.619742858120166190e-02,-5.925968561110239730e-02,-3.234476827088934581e-01,-2.197052480444462979e-03,2.436747053420636466e-01,-2.122409675714563293e-01,1.602504919394584781e-01,6.400727774610915927e-04,-3.378717993198195324e-01,-2.184612767764642638e-01
-1.312220890653008343e-01,-5.076564346701403080e-02,-2.284217014101181387e-01,-4.918054545548531525e-02,-6.745912820368400731e-02,3.755497878986845395e-01,-5.896704043772994508e-01,1.848279518500232088e-01,1.262411277714014513e-01,-2.447181092478232789e-01,-2.527869704709762022e-01,6.181382327283402311e-02,5.900585445589349304e-02,-2.161204014395399012e-02,-6.568846918517742273e-01,1.803606682343196765e-01,4.157203215075787606e-01,1.106547390389660268e-01,-8.514264688716463580e-02,-3.926072115120348149e-01,5.388779577752000893e-01,1.417657353686157529e-01,-3.093964851054312182e-01,4.373860320220141623e-02,5.625237757313091835e-01,5.889811512814611127e-01,1.902764899786936748e-01,2.462493851115842847e-01,-2.573628719223418071e-01,1.538294301556055177e-01,-1.963678062471813091e-01,2.728757324249181382e-02,5.793868052159152626e-02,-2.608543839656457530e-01,-1.765747897053456528e-01,4.803581883419882903e-01,-2.413396990776594808e-01,-2.631739870714444249e-02,5.237632060750220253e-01,-1.283565305577530347e-01,-1.031634293761050786e-01,-9.345586489910612249e-02,-2.688126594795420821e-01,1.703826005558270115e-02,-3.245132912248163692e-02,3.230817841218581177e-01,4.581184774521038228e-01,-2.243542348473092363e-01,4.952506267116573158e-01,-5.099557633142847157e-01
4.500982202621686135e-01,3.079510172759220010e-01,2.374758636192368100e-01,-1.701231019423127266e-01,-1.678670437315445685e-01,1.371445021173163525e-01,-4.935504891632733204e-02,1.941175799735120056e-01,6.308512685257278152e-02,2.362746964451990783e-01,-4.384936529125182947e-01,-3.873859222625915949e-02,2.371929384805197272e-01,-1.670250739103600057e-01,4.440732247710519331e-01,1.448008549478071449e-01,-2.655553384237346326e-01,-3.891192754076819305e-01,-6.708739982391330736e-01,6.178284833215819116e-02,1.163729820204391502e-01,-6.125593344385004135e-01,2.098533094666835686e-01,-5.367828294457689664e-02,5.525625843974030227e-01,-2.171202420071288997e-01,-8.622119101345780967e-01,9.851104544899837168e-02,-2.038179629508092561e-01,1.042496692905880762e+00,-5.429867680615400871e-02,-6.462834680079254657e-02,5.075917174451995972e-01,-4.376581699592131391e-01,4.833750382575206506e-01,1.210672617360726705e-01,-6.449245731180668073e-02,-2.102082738803011386e-01,-3.932464781261850728e-01,1.448575124279421200e-01,4.898113609194704732e-01,-1.295792929939954263e-01,1.620445199395185998e-02,2.794411936321973267e-01,-1.623350480915588256e-01,-4.342028871656781197e-01,2.840674903238677926e-03,5.281359207804417998e-03,4.603003424209569650e-01,-1.322841034425469575e-01
-1.741502796289527699e-01,7.862318387521958218e-01,4.565208875451126636e-01,-4.064745113285627154e-01,-3.230252471284364435e-02,-6.509470909974918174e-01,2.862861360780895592e-01,-2.687590636920030307e-01,3.225088842537901512e-01,3.805257819586137930e-02,9.712994690249926455e-02,-1.961592750156567755e-01,1.371269866717422792e-01,6.456961898171414971e-01,4.057008335621775652e-02,-8.773794716203606181e-02,5.108555475345857855e-02,3.820691392156686517e-01,-5.566863456748138983e-01,-2.770096302748942807e-01,5.108791024062721980e-02,-1.876970262740098039e-01,6.491879316476636963e-02,2.736322316763890594e-01,-3.382759143632512733e-01,1.247324558500192276e-01,-1.815820862485862941e-01,5.823420065172496551e-01,8.056292386911209080e-01,-2.258278324085298550e-01,-2.208895197846526826e-01,4.982242826026559435e-01,4.937769810203861409e-01,3.294602905030533102e-01,5.082475479823781589e-02,3.605559935226780865e-01,-6.669513886096935240e-02,1.909763087901078238e-01,4.382932254008328199e-01,-6.087807669502458274e-02,-2.537190985396254317e-01,-2.669474886110265732e-01,-3.073545258689149851e-01,-3.770770047530144775e-01,4.619665329242879370e-02,-2.915724263178444756e-02,-2.581119065421465242e-02,4.719206970851078653e-01,-4.982321828808343178e-01,-1.712550155521227191e-01
2.181297044077386976e-02,-9.594746732356594990e-03,1.329179868426134947e-01,8.429396637328373521e-01,-4.912209595446709876e-01,-2.992863500484471140e-01,4.989090980598575031e-01,-1.412264957878199279e-01,1.643347514515081376e-01,-4.349034443490560342e-01,-2.891378090281653823e-01,-4.961894429213954405e-01,-7.730802232252708545e-03,5.338575893598354050e-01,1.176766107211239809e-01,-5.757360656692157158e-02,7.087297081196711201e-02,-2.909768433946431365e-01,4.555623686205382411e-02,-2.116949646336510060e-01,8.618372158298040486e-02,-5.763547387909456754e-01,2.642187975863377059e-01,4.829107578107811327e-01,-4.403892370110653043e-01,4.924472341787203833e-01,4.434708244038992886e-01,-1.855253304872781228e-01,6.728027100521372095e-01,-5.210031238095507167e-01,2.274901306885994678e-01,4.152067474354839138e-01,-9.144748476352928535e-01,-3.499710029900258701e-01,-1.951898042796387095e-02,6.631468479565296725e-01,3.956708369572316530e-01,-2.302942433956042811e-02,2.036271360305016154e-01,-1.535574202539294608e-01,-6.849761765363257364e-03,2.150032636724351354e-01,7.331621108384821506e-01,-1.268422367416270624e-01,8.857961960231976184e-02,-1.531931861522682972e-02,3.031863469343153983e-01,1.393686310418441876e-01,-4.757823729930026335e-01,8.188333723316916224e-01
-1.946930601995422727e-01,7.233315849071034198e-02,-3.058723509828764064e-01,-2.650550560903276454e-01,2.649181854995998897e-01,-5.516887110138634087e-01,-1.323303553454312220e-01,8.330826292968453173e-02,3.106490397646840748e-03,-1.638993389078809704e-01,5.489805678944069678e-01,-2.541147202843516140e-01,1.303455256138401908e-01,1.419087363523789946e-01,1.167446167968401727e-01,2.847139791696348676e-01,1.242921992400916748e-01,-4.837648360942988224e-01,1.465317292517988035e-01,-5.105456402372928748e-01,1.889745214663101358e-01,1.473078780082300032e-01,6.001373362468662709e-01,3.351821616865052755e-01,1.357099813549408340e-01,3.364756260589238379e-01,-4.111298574084001345e-01,-3.197740051317153887e-01,-2.032447908571670403e-01,6.305555130089327553e-01,5.421396452927931126e-02,-6.177674272830641078e-01,-5.124545138712882641e-02,-1.179958730645515042e-01,-2.240221546164656297e-01,6.903838178731687425e-02,-6.539556009183883356e-02,-1.300303012612939180e-01,3.912964585302289855e-01,8.498858512366384539e-04,-6.537365085260270492e-01,1.368877996887709891e-01,-3.594916834745093825e-01,3.772232638806098382e-01,9.594528811641668542e-02,4.465209344505724487e-01,-1.799514782532588841e-01,1.085367430674048228e-01,1.312140529502557329e-01,-1.659648208582223394e-01
4.547744875004772203e-01,-4.939307884425749723e-02,4.297274733164707129e-03,-8.809809794563156632e-03,3.145131685284339729e-01,1.200016464722906823e-01,-5.061741358682465136e-02,8.649016657135736308e-01,-3.617627305588331232e-01,-4.859038711473077643e-01,-1.056221527896867435e-01,-1.554952078306915120e-01,1.576567963520616178e-01,-2.723857258172734594e-03,1.165738098218684488e-01,-4.368330190727171547e-01,5.465652279882614595e-01,-3.768368065254362742e-01,-1.028904389562631250e-01,3.538558652847216268e-01,1.926665568304558041e-01,-3.682640471661512982e-01,2.561686328498947174e-01,-7.126038721045897528e-01,4.851012671949994082e-01,-7.023430144380092832e-01,-1.749300679942767667e-01,-4.207639501054571962e-01,1.642324939842178810e-01,1.423666683066168448e-01,-2.981436078755640429e-01,-1.764663020313813335e-01,-2.066704272715293722e-01,-6.265073739290961674e-01,4.009903917236971593e-01,-8.551238099983787810e-03,1.546084809323187460e-02,-3.135705822726306824e-01,3.970506586178081387e-01,2.855494449011910518e-01,1.133495538840032374e-01,4.481714879542654240e-01,-2.165092958606160967e-01,-1.382220923434492876e-01,3.599684808265665465e-03,3.297519860566375249e-01,2.187319845573091615e-01,2.467856037945218850e-01,-4.306487210583215819e-01,-2.164744179836598781e-02
4.067526502558161949e-01,1.152452512686243241e-01,-1.030167152516660439e-01,3.413849531876761434e-01,4.803212113216356327e-01,-1.388932146376582466e-01,1.889945399877931420e-01,7.291945074724540121e-02,5.002309311267015834e-01,-3.614603882325297390e-01,-1.538505684070952673e-01,2.108634961344568459e-01,8.463851061306119916e-02,-3.096784128482254483e-01,2.293903541739565899e-01,8.805562010126238848e-02,-3.230358718039649801e-01,1.803901192935817299e-01,-6.947829242694699391e-03,-2.857800343963788625e-02,1.280278402783264768e-01,-1.717951823435141523e-01,5.993439663330842881e-01,-3.072886261515643813e-01,1.913154451533082556e-01,-5.556169509939294926e-01,-3.885968593851578112e-01,-3.763187543755640019e-01,8.804714785763465001e-02,6.598298462277042420e-01,-1.464833196749841249e-01,2.060942291930864811e-01,5.500263189329380742e-01,2.385779484382468951e-01,-2.645720647180210827e-01,5.046353284295574948e-01,-5.952437586828168703e-02,-7.428702601028110142e-02,-1.882004595954835102e-01,2.919020824532341241e-01,-7.805227634299146677e-01,-2.309536170732087168e-01,2.954352784780769903e-01,-4.311494061524134835e-01,-3.113006391022469788e-01,7.472053977315204487e-02,-3.282482823417386397e-01,3.474425323997224618e-02,-2.222517390156256434e-01,3.619711956473772307e-01
-6.964285030883783367e-01,7.787392094153514077e-02,-2.838865169209564554e-01,-3.080491142226833845e-01,-4.217183564276562866e-04,-3.707885259743750050e-01,4.821505780292852372e-01,-1.043715497335647863e-01,4.162079347509707594e-02,2.221825126902589043e-01,-2.600736065626375604e-01,1.964388599471426911e-02,-2.698542990686012000e-01,6.054261980972305141e-02,5.770565780397955008e-02,-2.362490735072850512e-01,-2.820206917420504250e-02,-2.772155504870979503e-01,7.164422738539701074e-02,-3.996835878193779057e-01,-3.854421129396614631e-01,-8.484832753336082889e-02,2.750940425585248761e-01,6.389323319115189359e-02,2.155380701697249268e-01,1.365581667671730004e-01,6.119993082736226164e-02,2.163778020297485727e-01,-1.845711540490402036e-01,1.806418300045452563e-01,6.409782032444516497e-02,2.284186351308449825e-01,-3.457753385390485625e-03,-7.118498931480917724e-01,4.009624692318730643e-01,1.291846955938474178e-02,3.106645311757048056e-01,-1.411534869004598403e-01,3.312916904929869705e-02,3.658074218308252079e-01,3.375904381840479362e-01,3.423023352067885439e-01,3.260437029370080730e-02,9.137038519962691063e-02,-2.326840784059696354e-01,-2.194893267430275685e-02,8.358304870422073041e-02,-3.649490519000804789e-01,-8.236733054771841478e-02,1.722773823216376954e-01
2.290221728318575511e-02,-3.556359836661379670e-01,-1.374376462431854129e-01,2.678413803619047670e-02,-3.196635696253050107e-01,2.386559443242237954e-01,3.290211661648873576e-01,-9.822376156016070226e-02,-3.036298066566098242e-01,1.375391929704230798e-01,-8.087994964240326212e-02,-3.523509043192394330e-01,-1.277150028680314742e-01,1.649174101084204327e-02,-7.431245856006495065e-02,-3.169942109563606003e-01,2.840105775918283504e-01,3.404802850453043650e-01,2.268483411474923050e-01,9.004832349281967352e-02,-6.451721232534922690e-01,-5.672189265555566823e-02,-1.918290112521776891e-01,-3.785133667257454260e-01,2.842440922457479258e-01,-6.784780903835014865e-01,-5.995961566888281108e-02,-2.961438077383354850e-01,-3.745472222123444328e-02,1.505852731790577152e-02,-5.188922280519080443e-01,-4.894569872328559668e-01,1.520930469743787816e-01,1.755560413957462373e-01,-1.804170915098427530e-01,-1.049231423967700583e-01,5.111744302524405814e-01,-3.555850524165325450e-03,-3.364844918645120142e-01,1.586211234657843583e-01,-2.311080164401543846e-01,-2.283174203796285717e-01,-3.881241016287048096e-01,6.055705272070903700e-01,-6.828103361287490847e-02,3.950349738973158997e-01,1.536375384843290670e-01,2.712679818175591229e-01,2.148293667149759820e-02,4.535351676158348444e-01
-1.407165177835837111e-01,-5.173331972777570620e-01,-6.095366474854277961e-01,-1.867378086629299661e-02,-4.092689354009737546e-01,1.252393830221291970e-01,-3.963573182061868594e-01,-2.169423840563595909e-03,-2.705083713035099091e-01,7.510966258036929633e-01,4.465613248294286186e-01,-9.315406012463608998e-02,-4.305784230556627401e-01,3.388238361861389825e-01,-8.541574530896361983e-01,-1.569968729222040319e-03,-1.064722869519059423e-01,5.069716632203957046e-02,-8.573557472538693991e-02,6.853571810929683095e-02,-1.026506365443590196e-01,6.882370934403756468e-01,-3.375808617836537628e-01,2.483532373619677935e-01,-3.331321248028459303e-01,-4.342278864910207870e-01,-3.090991632915592313e-01,4.898006461126296895e-01,-6.479661337379925834e-02,3.588816030732411844e-01,1.852005727371022759e-01,1.208506547513718034e-02,-1.156961621645817423e-01,-2.165963678844531615e-01,-3.978618088998352453e-01,-2.436458497076164353e-01,-4.484804916262642438e-01,-1.075034133477159592e-02,-2.652849867457809374e-01,-4.266133309216181280e-01,7.403421913146684963e-02,1.518278717054381832e-01,1.907963705017785567e-04,5.199873209454224619e-03,1.860687904282326277e-01,-3.585475416159826789e-01,2.700529133008475191e-02,3.268337999705587249e-01,-1.752137558292411745e-01,-2.696755248724779230e-01
7.890227973431029884e-02,1.702647039059479233e-03,-5.084556024058107387e-02,-1.364291801296501350e-01,-2.125593231521171605e-02,5.373489110971390037e-01,-2.271247047199640434e-01,-4.875407233696011922e-01,-3.829252391984361986e-02,7.593743076313590468e-01,-4.214807025645029848e-01,5.358064596769007704e-01,-1.519272959998511363e-01,-5.119757621105366363e-01,-6.701646278145089175e-01,-5.385037545014741411e-01,-2.664099369742777279e-01,3.888452581405316688e-01,-4.280910377285611357e-02,3.613891497298253874e-01,4.861010916441370622e-01,-3.569079548691733716e-01,-9.551703328203400289e-01,4.013588704549695407e-01,2.180198482134902693e-01,1.885048405891184553e-01,-2.883267312178643734e-03,1.950851056539637252e-01,4.153628333464837175e-01,3.508943101398173670e-01,5.634947046704823215e-02,-1.350417049722690832e-01,-2.332954876735582328e-01,-4.549892143318370885e-01,-1.173827539579330032e-01,7.908764226712115819e-02,1.785763885743510138e-01,3.642513507642030635e-01,1.068465852475761479e-01,2.423289312328767708e-01,-9.025330310297329309e-03,5.917525558761074223e-01,-1.954825648991506404e-01,-1.820148622264111948e-01,-3.115931898217909057e-01,-4.971162567897839946e-01,-4.671399921608874739e-01,4.032935560602822767e-01,8.693991611043898338e-02,-1.834160611965420518e-01
8.994828058116578762e-02,-2.885395885145716210e-01,-4.504722670313219823e-01,-5.335216168146292848e-01,-1.982718218571718483e-01,-1.774719843676269837e-01,-7.625283056784087909e-01,3.464997255366516482e-01,1.700676571819805805e-01,-3.144394314518536571e-01,2.357670510952484533e-01,-3.119957251880022264e-01,-6.229680911261935988e-02,-2.165593246539548045e-01,-6.013062490396183790e-01,3.627866964123427906e-01,3.477830136954963569e-01,-3.954218214262682496e-01,-3.708526323702885374e-01,5.141400703751559664e-01,-2.585723548244754921e-01,-4.017945720472214377e-02,8.059976072964438742e-01,-4.291991066647615205e-01,-2.657435373677088375e-01,-2.831426255890563404e-01,-9.768164641050869346e-02,-1.117938967303601788e-01,1.794337681787066818e-01,-3.293522212057276577e-01,-1.027317210713589862e-01,5.572141478612644555e-02,2.971906733938272649e-01,1.961035494452373906e-01,-3.519528051369453236e-01,-4.595745982491938331e-01,-3.514372393517048443e-01,-9.848697361274452722e-02,-2.396995255776157019e-01,-8.400380193752016167e-02,1.785467828935732026e-01,-5.012719993501582039e-01,1.984033836545536778e-01,-6.152222822730399332e-02,-9.907875019169375130e-02,2.153586079195606851e-01,3.937160573852078738e-01,-2.418141113444809975e-01,-3.898857502381871121e-01,6.157278802053697125e-02
1.413043735470121687e-01,-5.831729196759117828e-01,-9.225622430667886065e-02,-4.395682663649168598e-01,3.038576487005538174e-01,4.654548823170472915e-01,-2.590852976159601639e-01,5.445350016941112592e-02,-1.291910661762626367e-01,1.014478091749920763e-01,-5.730460688074093300e-04,-3.385279530473332410e-01,2.205659731810943047e-01,-5.123038066056199158e-01,-2.093680986352593754e-01,4.085661262915075281e-02,1.282104350743029086e-01,3.417172089941751811e-01,-8.819469389502958279e-02,4.502865586177232649e-01,-1.469224219162505451e-01,2.598015031742213488e-01,-3.406599889205907256e-02,2.038918267218218228e-01,9.024733721560525279e-02,-1.630465048462983735e-01,3.828657911955724580e-01,1.058608744190819677e-02,-4.953491140448800234e-01,-9.121122092966327255e-02,-8.618157810368623495e-02,-3.493585384141775774e-01,-1.211270133195125887e-01,1.219999594728966297e-01,2.489139747362954791e-01,-3.474090590669350886e-01,1.932303404699238780e-01,2.069660321766980393e-01,-4.771300781867481855e-01,-2.222546838589603002e-01,-6.587143526907802971e-02,-5.145192940812635118e-01,3.945690872071137556e-01,2.298965738660843638e-02,1.532017859673311944e-01,-1.925061474835801645e-01,-1.544355199547839952e-01,-1.218488862439436743e-01,-1.668692833973551837e-01,1.283239365055902359e-01
5.984688682881205146e-01,-9.884125591451518866e-02,1.880355019544543704e-01,-3.241298452013124942e-01,3.735667199625813950e-01,-6.695365786167919442e-01,1.050787668995165625e-01,-8.135671421184662022e-02,9.618875215823129154e-02,3.009248051977250760e-01,3.535893403787159772e-01,2.809357946471876533e-01,2.082337774433816180e-01,1.829142548327560291e-01,-1.483425443009076250e-01,-2.130783355987831418e-01,4.524116431283939921e-01,-2.481716697660144022e-01,5.235588683692683765e-02,-3.097627390460190311e-01,3.116484887801396209e-01,-3.839918670393865918e-01,-3.129974929941297668e-01,-4.636284543233194777e-02,-1.015641132201626495e-01,2.710465348072784164e-01,-3.224897669735223849e-01,1.962899854792136412e-01,2.195298302088006248e-01,-2.748161217234080245e-01,2.450254054232961498e-01,9.621344919165732146e-02,-6.806458332817004464e-02,3.264137506507491238e-01,-1.298788202002080228e-01,-4.825129905080731141e-01,1.252385416581840716e-01,-4.616336284522799538e-01,-1.867534355480572617e-01,4.755071024551276726e-01,5.065819399916940968e-01,-1.151556730761413849e-01,-1.332333765294702044e-01,-9.321957812805181653e-02,-8.590040507966682781e-02,-2.907738435474250260e-01,-1.374156155921272063e-02,-2.096340664052878111e-01,-1.072309103445150819e-01,-2.059386936556889536e-01
-4.338945472272173198e-01,-2.386943559135029386e-03,-4.991138154212058087e-01,3.872196725238461479e-01,1.771278770125715996e-01,-2.173043715302082901e-01,-1.954168538140010625e-01,6.648540839500116650e-01,-1.288924578506358276e-01,-1.055625623659913609e-01,2.712438912156792115e-01,-2.220353778795881028e-01,6.920727490622455846e-01,-1.438370652288513234e-02,-6.286148630758534028e-02,2.133447261371944001e-02,3.404260126431367661e-01,4.108436265070154469e-01,-9.876078967555360077e-02,1.017260265909635392e-01,-3.785332889070446294e-01,-2.054169802895812746e-01,1.301115580117974957e-01,2.033217015984392292e-02,-2.582392225934651564e-01,5.967326446846100696e-01,-2.623446980016205451e-02,3.462375222065087188e-01,9.007621492897832649e-02,-3.738299680820704740e-01,-1.209156193275348623e-01,1.439537454623962265e-01,-2.625547059424611085e-01,-1.305661925160137848e-01,1.594075161847407773e-01,-4.674463630573496564e-01,2.398654836875205032e-01,-4.100756570659196965e-01,5.138413320224947123e-01,2.161547107475338125e-02,-3.026578474751335235e-01,-3.412194254777643765e-02,4.534343501158589751e-01,2.889532401384423133e-01,2.898208854233326644e-03,-2.147568244770617363e-01,5.320443805707333329e-01,-1.014571294303660831e-01,-3.605207286119543331e-01,4.032633514174226996e-01
-4.877642021419028029e-01,-1.124052304812855375e-02,3.783223205375572662e-01,2.792840460782921586e-01,3.146406154318435178e-01,-6.249304495363392498e-01,-3.142539608128809281e-01,2.250420553867847617e-01,-4.658474439965983316e-01,-1.759211963583323934e-01,3.081013272163617978e-01,2.048577193248218020e-01,2.061291656151444107e-01,6.315788759895490934e-02,-5.230436826132783823e-01,-1.307904182133292903e-01,-1.292270169926911239e-01,1.338719902965093689e-01,1.638595271966087619e-01,-2.629005653833100808e-01,-2.266594509005639413e-01,3.133346184635914938e-02,1.466548768755835952e-01,4.523554697409310488e-01,2.582242525947121559e-01,1.896608550520069714e-01,1.262471421808777639e-01,-5.703117877742003294e-01,2.912151511494438516e-01,5.522866329295502731e-03,-2.011929091619136523e-01,3.652040918604834707e-01,1.033094472158009175e-01,2.588915367908307674e-01,-4.740330529458286479e-02,-1.714673701419707486e-01,2.699189064386031678e-01,8.387806055579984099e-02,-8.076649687529700861e-02,5.006582854999731547e-01,1.863334559047947481e-01,-1.265579413023527888e-01,3.060856604302359188e-02,-4.217189822104567831e-01,7.536074144562565635e-02,-1.080449299879999714e-01,-3.544633256382835884e-01,-6.900994758811554441e-02,-2.676447678100815075e-01,-6.856673235819196188e-01
-2.863542886490839656e-01,2.534978181790648044e-01,4.706208525310562885e-01,-2.311820622145373538e-01,2.108858385890079179e-01,-4.343108837650626053e-01,3.109264940245005937e-02,-5.650297871308184589e-02,-7.318573591842502182e-03,-2.970395301448399694e-01,-2.530139804744342968e-01,8.884911645528534296e-02,-3.125372162480181126e-01,1.724572351727032549e-01,-1.539270553163480659e-01,-3.410126783791299077e-01,-2.973447428766577416e-01,4.414991422504722096e-01,1.924186095678706576e-01,-2.699803043475778597e-01,-1.134169763208120463e-02,-3.278434508412715886e-01,-1.706527954249892898e-01,-1.252283165310231761e-01,9.450541057929312538e-02,-1.329333886975710699e-01,-1.302373351469000295e-01,-3.771001795508986953e-01,-1.125035799279362481e-01,-7.702485260775461529e-02,3.716863352612971572e-02,-7.068119642570120931e-01,1.668470962518871503e-01,4.446941274826318735e-02,9.668927880736308267e-02,-7.986726249441025161e-01,2.880055015120480122e-01,2.164358987459127914e-01,-1.309568078664459512e-01,-3.529250236033593113e-01,-4.866672507553482241e-02,9.498831313150297995e-02,1.698948581578373640e-01,-2.365685197654842364e-01,-6.380811478582557039e-02,1.838975300992988782e-01,-3.721728276309300143e-01,1.509076317302149028e-01,-4.646193715557670606e-02,6.495093079765705546e-02
5.881765186967817527e-02,1.921616398640460799e-01,-1.606727821708167081e-01,3.316609617397923704e-01,-1.514529204629331272e-01,3.855403691600636003e-03,3.694948492841688692e-01,-4.394203901298357473e-01,4.777355607076730348e-01,2.583693110261889997e-02,-2.799751304710573208e-01,5.278732644949727382e-01,2.917722697417498012e-01,2.635370375487884331e-01,-3.693420081459241056e-01,-6.207756518857949352e-02,-3.230716013772386153e-02,2.401005368213712521e-01,-7.199990239547139348e-01,3.915588474051932000e-01,1.354753642002479164e-01,-3.552635585733243673e-02,5.482040196683977129e-01,-3.752808553662214525e-02,7.022856434491735189e-02,3.732327530198596977e-01,3.153238626592393401e-01,4.067872659619026776e-01,-3.131799237288337284e-02,-3.468591428599455961e-02,-1.194273776044717655e-01,-1.820202117762007854e-01,-1.414654553895789146e-01,2.801465521237046508e-01,7.937327401464095988e-01,-5.014984316463035885e-01,9.267339163353764675e-02,-5.351048396271597118e-01,-5.494991348975136747e-01,7.411758350164876497e-01,7.624074515516160444e-02,1.125139269617795451e-01,-5.048927775553512243e-01,-9.607818727136091530e-02,-7.771035057879419616e-01,-1.268170103600778920e-01,1.630724788461928865e-01,5.007736667678506365e-02,5.809581837894182976e-02,1.728727173845858445e-01
-1.399039870098348071e-01,1.486995725135071000e-01,5.792301515337578977e-01,-4.704935929664280647e-01,3.066826142551975498e-01,-2.179126302365490264e-01,-1.788431812588999470e-01,7.969818436967023023e-02,-1.241637576260358478e-01,-1.760831462586567170e-02,-7.210344397934852212e-02,-6.109393653526504764e-01,-7.866902132602023867e-01,-4.800810391731816229e-01,-2.190626475991700184e-01,2.350410104379011267e-01,-4.161791160108791465e-01,-3.757334782791861560e-02,3.661992517298057193e-01,4.622238970872873387e-01,-2.762326751280656523e-01,2.935035914677754931e-01,3.673490793107075381e-01,2.399179560683118162e-01,1.552718450852106913e-01,9.213318855313881728e-02,-1.671916275126761608e-01,-4.975871284587090049e-01,1.676329990217813870e-01,5.381155711498580851e-01,-4.903799554879200162e-01,-6.402413843826650075e-02,-4.990013699273450343e-02,1.855860431402094890e-01,4.357670923506213878e-01,1.728287422154723904e-02,-5.336137996438088393e-01,2.312702319819885666e-01,6.001646164365355141e-01,3.116792829885575156e-01,1.884275143923240248e-01,6.335751692210404018e-01,-6.801540703664836762e-01,-8.948105685435024659e-02,5.512634956547660808e-02,-2.795839081401950768e-02,-2.168438045677942294e-01,-7.980184310136646531e-01,-3.404190421185650933e-02,9.207262354008670380e-02
1.841317550324601260e-01,-2.688583113766042643e-01,-5.868629036610967242e-02,-3.850302121255350651e-01,-2.049641097346412144e-01,8.211384155442072452e-02,6.196575250935888457e-01,-4.214774539375797796e-02,4.925713991819046234e-01,1.033182322074079930e-02,4.241421345928433895e-02,3.739241930091357080e-01,1.090691621642277953e-01,-5.372390122165740522e-02,-2.985496956629256626e-01,-7.961342220242131895e-02,5.567670157591799729e-01,-6.575386703065803917e-02,-1.246204530188889659e-01,-1.085760179950100435e-01,1.083317050190797659e-01,1.332525648694191933e-01,-9.373454396714786530e-02,-2.039705365631177270e-01,-4.333600591489287224e-01,-3.587960405848679701e-01,-3.003641343233118266e-01,4.884732957598879044e-01,1.282576246588623958e-01,1.635142879486767009e-01,-3.725940805629943675e-01,-2.449357617197655268e-01,-4.012927694911365695e-01,1.712145135842087218e-02,2.612804568389985316e-01,-5.665345588041493796e-01,4.090949056714781595e-01,2.975042974093897521e-02,-2.097692722158053802e-03,3.197626345219849453e-01,3.938901531533191003e-01,5.167581533916130176e-01,-8.259175880600643296e-03,-4.451028784228630575e-01,-3.960881864269235608e-01,-3.662108002657613604e-01,1.346574365731093292e-01,2.010212008044196252e-01,4.307116485099400371e-01,3.493881219659612514e-01
2.402524865148403799e-01,-2.514717510675810730e-01,-6.760328788390322918e-01,-8.518102685625206227e-02,5.218188981267510851e-01,1.823010221306600176e-01,-4.636461412541922206e-02,-2.808888609300875250e-01,1.767653167071214226e-01,3.248026034703020981e-01,4.855647573175819187e-01,-8.961644084959799472e-02,-4.600057925104127921e-01,6.724419672550426830e-01,-5.072418959199531674e-01,2.693438754242404864e-01,-1.852086944896341181e-01,-8.488655709573356134e-01,-4.655524783817256429e-01,-6.312237127123179747e-02,-2.046661501970440666e-01,2.092821754630743991e-01,-6.841234041285366718e-01,-1.606799992606299798e-01,1.143277944810505153e-01,1.987866859622132720e-01,4.709703445645809783e-01,-5.206485128815979690e-01,-4.524427233855229935e-02,1.377977754584461811e-01,9.022800753868379098e-02,-2.747734478183161411e-01,2.831526592912092521e-01,6.614048978095388165e-01,1.017615171430954479e-01,1.162990795511437830e-01,-1.913094524469338698e-02,-8.361298009875309800e-01,-6.007669043877928994e-01,2.732885492767197499e-01,8.480558439794921854e-02,3.287633176607211438e-01,-8.368759393990235496e-02,-1.342708649851266645e-01,-6.298425297080263718e-02,-5.570423598358816841e-01,2.375776857361167060e-01,3.009141454365779275e-02,1.529450108791555185e-01,1.012862563275879202e+00
-7.224374140039860892e-01,2.225845525741585937e-02,-4.078566629463695192e-02,-1.066945596720285799e-01,-1.249564001532414564e-01,-2.223913474996288275e-01,-3.219020782760768917e-02,-5.931144818073689207e-01,2.119144502394340324e-01,-3.038416444367890157e-01,-1.575124792399260343e-01,-3.068437637093453518e-01,1.727813237009679370e-01,-4.202234051301383388e-01,-3.294036746827939677e-01,-1.125970570446917923e-01,9.406063733209596434e-01,2.731984502942536031e-01,2.338477613931177757e-01,-6.119911023858697757e-02,3.885200601787059532e-02,1.236681589236442082e-03,5.131280636301004394e-01,4.548626636389281330e-01,-1.011175437522932388e-02,5.169501728178120814e-01,3.970319243975845708e-02,4.668795416056600867e-01,1.350594395684677484e-01,-9.779455120431393422e-02,1.630392124437458623e-01,-3.028183281582889561e-02,-4.686626495914936741e-01,4.695784649162872831e-02,-6.594725297227566063e-01,3.911174712678229803e-01,-2.292566564245799576e-01,-2.335061376416237566e-01,3.303025942205327636e-01,2.978650261191583826e-01,-6.558125213626186945e-02,6.151598451342228380e-01,4.159857617741922753e-01,4.116267273451795217e-01,4.711599069350568686e-02,9.269347107641960626e-02,3.221846223040587542e-01,3.048735184672954346e-01,-8.630662457820411637e-01,7.691247792410906836e-01
-1.974122047313567607e-01,3.523491380222997238e-01,8.038700812691957909e-01,-3.254708410551108988e-02,-1.678772930181534062e-01,1.174308314314565088e-01,-2.734240040697143992e-01,4.160598703881319693e-01,-3.038489977174987922e-01,-2.050129363972485186e-01,3.642633778591958804e-01,-3.767104547100860734e-02,7.304178408154523572e-01,-7.365769911565500649e-01,-9.498074050786620148e-02,-2.134367381187765866e-01,2.832224510992306654e-01,-1.827876350688504292e-01,5.146714709445003866e-01,1.991392609773818406e-02,6.132385655225878196e-01,2.551693051352746378e-01,6.210430767055664658e-01,-2.041263788048247874e-01,2.971058207282086805e-01,2.033257749629536759e-01,-6.315762888540807363e-02,-6.803623861738469780e-02,5.039263028939326983e-01,-2.241727045271858509e-01,-1.979387297857896633e-01,1.404851435417575345e-01,-5.356317578136168128e-02,-2.846439755052145304e-01,1.371918350910978079e-01,1.105576109599956530e-01,9.543229897370011927e-03,-3.677803184796357150e-01,1.859848035255921850e-01,-3.261090028742301694e-01,-1.508974746744752571e-01,-3.871820343153599686e-01,1.811274774294776083e-02,5.917666249975822579e-01,2.648999552980999539e-01,-5.580491702605892002e-01,8.136301893209439001e-03,3.119984149029029763e-01,-2.240443962566244368e-02,-3.690260757323337026e-01
1.423955496735777315e-01,5.159318110237823829e-01,1.177688720233521225e-01,2.968963428409884808e-01,6.814658736763471447e-01,-3.354247672318622642e-01,-2.170679801820273314e-01,-4.873993865570740436e-01,2.120379402676046687e-01,6.030082541586400113e-01,-1.544093843354915896e-01,1.927193809705330940e-01,-2.004342266451079047e-01,-4.795100173199773885e-01,4.782385732783181465e-01,-1.227223323092920954e-01,-2.457222309628049328e-01,1.465757383437271966e-01,-1.831745124601023844e-02,-5.507337048091112686e-02,-6.348642265372729243e-01,2.437832051929594845e-01,-3.506711828247596752e-01,-1.058982348340940655e-01,-4.505348313152149897e-01,3.217994465817834021e-02,1.420955416846303443e-01,-2.592046052241945772e-02,-1.975968962938317031e-01,3.273418814179220315e-01,3.109774772303074419e-01,-3.551570529154296496e-01,-3.948979197186183732e-02,1.647033000881631681e-01,7.041450208381052622e-01,-2.691213166076579788e-01,4.534922948530131781e-02,-3.615216029411332660e-02,-1.978769558731559297e-01,6.020690753089112668e-02,-4.249369061842171447e-01,-7.251795728713977818e-02,-2.625069209935086967e-01,7.377347133995675044e-02,6.175892629738894968e-01,-2.006356811706778293e-02,-4.024359437515109272e-01,-1.304386984539669947e-01,5.117234431783344029e-01,1.913262391925190375e-01
-1.589547625440262679e-01,3.439621842525964618e-02,2.131563522093090080e-01,2.551035691839644293e-01,-4.190650844744274739e-01,-7.667525839783801977e-01,3.014233485161063597e-01,-4.509588956198334331e-01,3.703701573517174106e-01,3.282360509935355886e-01,-7.779690450170272109e-02,-1.001180745824177404e-01,-2.481683423365409757e-01,-6.599855212340272059e-02,3.773215004659281196e-02,3.555687852334070698e-01,1.597576451241475293e-01,9.686885650333709741e-02,-3.607642478215042359e-01,1.071629266623527199e-01,1.450912005322855247e-01,1.109013377349253177e-01,7.234425515897097148e-02,-5.531122809077613223e-01,-7.975177859611358444e-02,2.282435236185535177e-01,-5.671303928140946846e-03,1.789700978431784106e-01,-3.464296875393255148e-02,-4.206405124877697910e-01,-5.012508157845884105e-01,-2.505710042986131203e-01,-3.071723114448022263e-01,-3.362954283123555377e-01,1.200913455640856137e-01,-3.128880568789708105e-01,8.157973260119803782e-02,-2.249446535463983932e-01,8.245842756148950847e-02,2.321890743320570993e-01,2.506339046720589270e-01,3.045117509535722466e-01,-3.918648875542247167e-01,4.692717741176504198e-01,-3.371642793526574700e-01,8.848314738873145346e-01,1.853535822689841503e-02,1.347308776512766149e-01,1.101156622425021880e-01,5.292411727966720436e-01
-1.182881213684748162e-01,-1.524335565243889468e-01,-7.067178916673885758e-02,3.739224506956963512e-01,-4.929576444238166211e-01,-1.629838199930686848e-01,2.169176165942715215e-02,-7.586835357606032393e-02,-4.960959567685422900e-01,9.774749918341578414e-02,1.723878172012330845e-01,6.263633549622805718e-01,1.342909671351152912e-01,-1.643946940337479359e-02,-1.982231455675149689e-01,-4.856580213097439619e-02,4.710120727652974959e-02,-8.467874739931172123e-02,-2.070157454913180983e-02,2.236074392015302559e-01,-1.831969162680626151e-01,-7.092894841334415612e-02,-2.882158629511425429e-01,1.960281658955602413e-02,-3.740711720291449160e-01,8.889969450005256318e-03,1.255301589566825693e-01,-3.209157913502423409e-01,-1.524451958020420772e-01,-2.387983046033069767e-01,-2.037691745633880003e-01,-3.089320521501062733e-01,-2.495432343470971037e-01,6.443086355078572192e-01,-1.496658948538131910e-02,-2.922220204217930717e-01,3.063180342645702714e-01,-4.509236633251329507e-01,2.114956745952441541e-01,1.222537530693683649e-01,-1.888267527253390810e-01,1.187262843612177238e-01,1.008430099503618560e-01,5.202512630543097982e-01,-1.432646585276468043e-01,-5.201341113475513867e-01,-4.486057184284013566e-01,-1.792393874141559040e-01,-2.675853329285217130e-01,3.598030203230473956e-01
-2.372568494091865932e-01,-1.577626075188598986e-01,-5.913486402271247444e-01,8.901814974397091740e-02,1.393374950069934115e-01,1.445727360641269887e-01,5.513705285588860888e-02,-2.705805958733781269e-01,-1.468190675522096922e-01,4.078352971811399774e-01,1.668162437031400214e-01,-1.983968792892810140e-01,-4.129357552558107075e-02,-6.028690462658772148e-02,1.117715797355181978e-01,-3.760987902741293465e-01,1.289596944277044410e-01,-3.609976114082178583e-02,-1.779234061280682566e-01,2.996259497092254032e-01,-5.322943171049038247e-01,3.473234665766805618e-01,3.651155330698489104e-02,3.562288664672175753e-01,8.756605149675578126e-02,-3.983092968812835255e-01,-1.457273735169270779e-01,-8.881896588945453752e-01,-1.175828123815285120e-01,3.508734661588086001e-01,-4.994575642321544828e-01,-4.204163062170656606e-01,3.903973822677765937e-01,-3.365427722426370671e-01,2.748345838923092060e-02,2.465742071711799210e-01,2.314856239002603122e-01,-9.620367627058200310e-02,-5.899083832779586367e-02,1.154340618672346774e-01,8.878351208452289756e-02,3.857721507366272395e-01,1.320253766646458937e-01,-1.128409125191430357e-01,-1.701710757515459971e-01,-9.388430046091715206e-03,-4.868284169421319835e-02,-4.634150834886486270e-01,-4.800780604073984215e-02,2.985082003624530689e-01
2.476702734118833849e-01,1.894667045514168702e-02,2.016462957883180251e-01,8.570546317736639219e-01,-1.436721432348292138e-01,-3.831924766388881132e-01,2.265940999779273990e-01,6.521771540171579229e-01,-1.466986404858331150e-01,-4.710681656363644998e-01,4.196667920894585624e-01,-1.022458491727331470e-01,-1.915927315399802433e-01,6.415747234807402111e-02,-1.237948484839985208e-01,3.819455433495115293e-01,1.430304592539552722e-01,-4.719069395907645181e-01,2.075865091045615285e-01,1.729060029844668549e-04,3.291706182006949866e-01,6.638885359826509625e-01,-9.312683088105852547e-02,6.309250196999108273e-02,3.379607951336081884e-02,-1.046169259260121276e-01,5.774818022364417436e-01,-3.381578963214385697e-02,-1.678640884016521229e-01,1.989566909767858521e-02,3.220425842591617682e-01,-2.119954733817097647e-01,4.614596038406820755e-02,-6.693956041650198086e-02,-2.063025834500409328e-02,1.440255434756900765e-01,-3.005275264335501295e-01,-1.687649475719250058e-01,1.410822398694287216e-01,4.196909429253785073e-01,-6.820827735752078569e-01,-6.071618198187689330e-02,-1.320980369922210573e-01,3.002449593569869180e-01,3.593320308054288592e-01,2.638595337891078696e-01,6.995590742219417457e-01,8.922040901170190386e-02,-1.677624745625724834e-01,-2.084084638024956970e-01
5.578432385942853899e-02,2.253600545013424161e-01,-1.665461551790695383e-01,-1.455834682550942172e-01,-5.079007026111616030e-01,-4.779072817907903392e-01,9.203868911802112751e-02,-1.011646644443685711e-01,-3.965363934516060174e-01,-6.865796137548108025e-01,3.449312818757035992e-02,6.564530882764001429e-01,-5.657854593876345678e-02,-2.144522636722766273e-01,4.194041311679635453e-01,-1.093493908256161773e-01,2.177594437047240539e-01,3.084979560923615249e-01,-2.172496678158184202e-01,-8.965418430717636555e-02,-3.314563137009421401e-01,2.989838681857473479e-01,-2.658581709187222142e-01,1.904659423096342896e-02,-2.132647830388948174e-01,-1.153414366669237301e-01,4.521528057003278839e-02,-2.271233515398796698e-01,3.437939027762162980e-01,3.353786416179464491e-01,7.929291367302297999e-01,-6.310881574670346161e-02,-1.314422262342764269e-01,3.250975829055438582e-01,-1.716655455815394582e-01,-3.241470007819503563e-01,-2.755005368933021725e-01,1.891090547126625110e-01,4.763836998351383412e-01,5.721065111454475272e-01,-3.152691255006244142e-01,-6.054326859665091209e-01,-3.386950149577069302e-01,3.966098228421865990e-02,-2.058109613063139887e-01,-3.657342208825780094e-01,-4.803400370971565025e-01,-3.448691411569020371e-01,1.250213228361859606e-03,3.281800431241762572e-01
-3.458524507046814578e-02,1.237978917216733254e-01,1.315388562171921627e-01,7.599595127508146364e-01,-4.862108322485917400e-01,3.794422046410066418e-01,-3.131126521317379591e-02,-1.629404285326098989e-01,1.798993853568979506e-01,-1.303471167527380480e-02,2.978362019219540358e-01,-1.874220312301294045e-01,-6.372445039044660753e-02,-1.934781255100467556e-01,2.886063315470540624e-01,-1.147896665927367332e-01,2.146720304434017734e-01,4.091923845236530854e-01,2.871773267597717005e-01,2.144158885722380614e-01,4.835664085202098783e-01,2.917382662165485807e-01,2.139053276565941741e-01,-4.317047914678713919e-03,-1.207219074671859876e-01,2.594756655354155672e-01,-1.351801337414885174e-01,4.971559013058218790e-01,5.710668316249247756e-01,3.148068290290535060e-02,1.803447916863085976e-01,-8.306329994538523553e-02,3.045490652965413547e-01,1.473040728364965746e-01,-5.110386800128097207e-02,5.749470456763368098e-01,-1.953304841421134308e-02,4.554431781821849379e-01,2.023836689641923259e-01,1.855256461141413238e-01,-1.787853502306831210e-01,5.547676190046936240e-01,-2.680781141226538655e-01,-3.363712888387262456e-01,-4.287697404008304902e-01,-3.747076413778727688e-01,2.047142808499360089e-01,-1.533579349173624373e-01,2.813544894191437676e-02,-1.471709345181493322e-01
2.593000201947452399e-01,-3.386030361119718446e-01,1.989437230731602169e-01,3.264414273091809093e-01,1.449053974771547515e-01,3.702817302510225672e-01,-3.493499097858472902e-01,2.169905792954927165e-02,9.222875396977785190e-02,-2.793425783597024425e-01,-1.490439357267770992e-01,-1.476593581354830598e-01,1.573498269200499511e-01,2.148325089475767655e-02,-4.222704832310225087e-01,1.289738753394722159e-01,1.598501827312991397e-01,8.402573926897563550e-02,1.960955512264963285e-01,2.260969139383824378e-01,-7.141272729081300785e-02,2.888467860607201176e-01,5.127506127005800884e-01,2.760875404832804358e-01,-5.701019456061243718e-01,-1.018432618724418176e-01,-2.715178099734256167e-01,-6.332585337093088462e-02,2.138666197126103397e-01,-7.539555783114717524e-01,6.390535566155556291e-01,-2.249371409286228252e-01,7.138501758627017191e-01,-1.330211697898635304e-01,4.059595625098872951e-01,-4.859367614420861403e-01,5.609884394344060166e-01,2.713258181055053231e-01,5.471143031344093827e-02,-2.513168796367627467e-01,7.634761748271438886e-02,3.268715963373344247e-01,2.402857522483961561e-01,-3.224267951243364738e-01,-1.853109535763394489e-01,-1.232142357844061425e-01,-3.054743383734516704e-01,-7.385222617478119922e-01,-2.525396305421782062e-01,1.993057585570718326e-01
6.763073262982959022e-02,4.067423182009941574e-01,2.250662027750547911e-01,-1.568013867961525754e-01,1.023631598496704542e-01,-1.204200963206490393e-01,-2.360918412602185656e-01,-4.819695315330150276e-01,2.147387964239156344e-01,3.424257972497192770e-01,-3.520653091795287737e-01,3.413887273343966817e-03,2.387545620891531797e-03,6.031623642682995001e-01,7.738851813768765631e-01,1.587941112939670468e-02,-2.130888941126631367e-02,7.473545527635452879e-02,7.497120616643898616e-02,-9.299747310965880698e-02,-5.591301702095723414e-01,4.697322317092279126e-02,5.829113512875466752e-01,-1.399220214493399062e-01,3.267032314182706787e-01,2.354433830802079575e-01,-2.359106290505270584e-02,-1.852144849009572658e-01,-3.073656207088189540e-01,2.144983888985212139e-01,4.307870216123784179e-01,-1.530630395480510886e-01,-8.110244504353808503e-02,2.231897162483544583e-01,5.571970247919548480e-03,-8.719041346720875219e-02,-4.488537499911291612e-02,-7.106481910024287085e-02,-1.884941182275033378e-01,-3.184181306865478400e-01,1.557540625335351592e-01,1.338803454985237618e-01,6.873931615196089695e-02,1.294949250397379459e-01,-3.133035879879412233e-01,-1.890587409295200749e-01,-7.363956268384196091e-02,-1.305407319205965366e-01,-3.221090742430829379e-01,1.474894533271825237e-01
-4.944691644670892172e-01,-8.232496498337618651e-02,3.423611557000311723e-01,4.569992954990647616e-01,3.830505300361812526e-02,4.630686448622855500e-01,-2.847784951603753445e-01,-3.668695629669161962e-01,6.460241358544748236e-01,2.035194667378801003e-01,-1.449894619079176716e-01,5.355246491696908917e-01,-4.991026312506251228e-02,-1.280023908930017773e-01,-1.472745313578495419e-01,1.114910703436501616e-01,-2.716674601499999842e-01,-1.123777686665443643e-01,-8.501910930008189926e-02,-4.828411087557109016e-01,-2.651799392343575090e-01,-1.483187152378779849e-01,-2.418920154809959255e-01,7.739007182396220874e-02,-1.580982720538800027e-02,1.465316139754531122e-01,3.027952783221274369e-01,-8.003850228761695274e-01,8.006106930446227343e-02,-2.494364319545709641e-01,3.799225768518751933e-02,-9.114508005558370068e-03,2.230036682616403643e-01,-7.997896094008565271e-01,9.695453236037637756e-01,1.403894585490301494e-01,-3.297555577388391890e-01,-3.895957677105005290e-01,3.110256306247464742e-01,4.222231767495141508e-01,-1.306825570622030530e-01,3.998898343050433235e-02,1.294619665217812132e-01,-1.520967000421336035e-01,3.065507670297961118e-01,1.892900944889429893e-01,-1.863082823082194972e-01,-3.947957585529763280e-01,8.817306846724414990e-03,7.238286360073376002e-02
-4.355556407886316816e-01,-2.148984765961961529e-01,6.339506099351299717e-01,2.984576283062896351e-01,1.877366631948260145e-01,-8.404221367348771107e-03,2.613411786768403688e-01,3.668919583759794323e-01,1.803254426180736780e-01,7.124786797975264652e-02,2.794436636024790199e-01,-2.213445969481487585e-01,-1.423216894603264171e-01,-3.674655926598152655e-01,-6.616498306081022296e-01,5.826609087534158071e-01,-6.384207381638588030e-01,2.186573715594120615e-01,6.213665198152223956e-02,-1.676651196189048176e-01,-7.694178324567363392e-02,3.608809329216748907e-01,5.701056871019384575e-02,-3.683170082434366610e-01,1.333880246222152455e-01,-1.038172971855373800e-01,3.152400389394812569e-02,1.259785196948895458e-01,-2.264086269300800702e-01,2.197351812699149531e-01,2.053846378461303968e-01,7.467116916253489778e-02,-2.652391364408730468e-01,5.481958903899680768e-01,-7.933763388428738406e-02,1.280461988761943115e-01,-1.275322265785471254e-01,-3.838560236919210111e-01,-3.357991286192751890e-02,-5.715903081509706718e-01,1.931828017903715888e-01,-5.072416476459488954e-02,1.210472348907832008e-01,1.419178906320826272e-01,4.594262248384364256e-01,-2.570239660672883342e-01,5.154458747028796139e-01,1.051692975782537870e-01,3.034939696480354332e-01,-6.456274726000925668e-01
-9.096635470542599466e-02,5.563953156459158222e-01,-3.611419048766360551e-01,3.995751918086933863e-01,3.337661422635159747e-01,-1.252707465236504447e-01,-3.698252996467796261e-01,1.412403792132708724e-01,4.437024526868408314e-01,1.720940108451766148e-01,3.502071234721170212e-01,-2.410547218778255792e-03,-6.364722366789760111e-01,-2.952233108083457402e-01,9.151848260792799783e-02,2.753465570683432118e-01,5.631153273473717483e-03,-8.829816709897174432e-02,2.309743250085656008e-01,1.799354579706893831e-01,-3.267898137449483653e-01,5.386028190487310990e-02,-1.368608152848362902e-01,-2.030000294801510285e-01,3.431667846329425897e-01,-4.109718443759258766e-01,-3.712176475696954414e-02,-7.026438462469329904e-01,6.868737656165865846e-02,6.388907095463470798e-01,-3.462777361996884767e-02,3.309472030061291759e-01,-3.932564280526031353e-01,2.077405616199347882e-01,4.685938490284359270e-01,4.472950678658184354e-02,-4.625347280875706235e-01,-5.087251870806370757e-01,3.001612597208028199e-01,-5.480360228974144876e-01,-2.567219004251288239e-01,-6.476952088732147728e-02,-1.347754452733352093e-01,-5.904299287527426526e-02,-4.533041827616028363e-01,-6.323880286255166849e-01,4.905412896881805596e-01,4.877560941737767858e-02,-2.270079262545907361e-01,-6.933465850764272166e-03
